Order ID,Order Date,Ship Date,Customer ID,Customer Name,Segment,Region,State,City,Category,Sub-Category,Product Name,Quantity,Price,Discount,Sales,Profit
CA-1000,2020-02-01,2020-02-03,CUST-1074,Customer 0,Corporate,South,Pennsylvania,City0,Furniture,Furnishings,Furnishings Model 497,4,1271.97,0.3,3561.52,515.03
CA-1001,2020-12-30,2020-12-31,CUST-1003,Customer 1,Consumer,South,Illinois,City1,Office Supplies,Art,Art Model 237,5,124.67,0.0,623.35,104.69
CA-1002,2019-05-11,2019-05-15,CUST-1846,Customer 2,Corporate,East,California,City2,Office Supplies,Binders,Binders Model 774,3,113.55,0.0,340.65,41.24
CA-1003,2020-07-18,2020-07-21,CUST-1645,Customer 3,Consumer,East,Illinois,City3,Furniture,Furnishings,Furnishings Model 486,1,974.46,0.0,974.46,77.07
CA-1004,2020-02-05,2020-02-09,CUST-1117,Customer 4,Consumer,South,Washington,City4,Office Supplies,Paper,Paper Model 210,1,173.16,0.0,173.16,17.96
CA-1005,2020-01-01,2020-01-05,CUST-1880,Customer 5,Consumer,Central,Illinois,City5,Office Supplies,Paper,Paper Model 713,7,118.21,0.0,827.47,239.35
CA-1006,2019-11-11,2019-11-13,CUST-1605,Customer 6,Consumer,South,Illinois,City6,Technology,Phones,Phones Model 116,1,1182.85,0.2,946.28,239.66
CA-1007,2017-05-02,2017-05-05,CUST-1503,Customer 7,Corporate,East,Ohio,City7,Office Supplies,Paper,Paper Model 879,1,198.15,0.0,198.15,42.42
CA-1008,2018-04-12,2018-04-16,CUST-1997,Customer 8,Consumer,West,Florida,City8,Technology,Phones,Phones Model 281,3,1525.62,0.0,4576.86,881.17
CA-1009,2020-05-23,2020-05-24,CUST-1946,Customer 9,Consumer,West,New York,City9,Office Supplies,Binders,Binders Model 983,4,89.57,0.0,358.28,117.06
CA-1010,2017-11-27,2017-11-28,CUST-1573,Customer 10,Consumer,Central,New York,City10,Office Supplies,Paper,Paper Model 635,4,142.06,0.0,568.24,40.81
CA-1011,2017-03-29,2017-04-03,CUST-1440,Customer 11,Consumer,South,California,City11,Furniture,Chairs,Chairs Model 640,2,644.92,0.0,1289.84,173.07
CA-1012,2020-10-28,2020-10-31,CUST-1193,Customer 12,Corporate,West,Illinois,City12,Office Supplies,Paper,Paper Model 270,1,47.32,0.0,47.32,7.33
CA-1013,2020-01-29,2020-02-01,CUST-1846,Customer 13,Consumer,South,California,City13,Office Supplies,Storage,Storage Model 508,3,120.18,0.0,360.54,102.66
CA-1014,2019-05-22,2019-05-27,CUST-1714,Customer 14,Corporate,East,Ohio,City14,Office Supplies,Storage,Storage Model 839,4,185.78,0.0,743.12,258.42
CA-1015,2017-05-11,2017-05-15,CUST-1391,Customer 15,Consumer,West,Ohio,City15,Furniture,Tables,Tables Model 477,3,1400.8,0.0,4202.4,513.54
CA-1016,2020-08-25,2020-08-28,CUST-1025,Customer 16,Consumer,Central,Texas,City16,Technology,Copiers,Copiers Model 287,8,716.72,0.0,5733.76,1790.61
CA-1017,2019-02-09,2019-02-10,CUST-1434,Customer 17,Corporate,East,Washington,City17,Technology,Accessories,Accessories Model 957,1,1078.97,0.1,971.07,290.53
CA-1018,2017-12-10,2017-12-11,CUST-1172,Customer 18,Consumer,Central,Ohio,City18,Office Supplies,Binders,Binders Model 329,2,43.9,0.0,87.8,10.31
CA-1019,2020-12-08,2020-12-10,CUST-1299,Customer 19,Corporate,East,Texas,City19,Office Supplies,Art,Art Model 932,7,199.13,0.0,1393.91,236.69
CA-1020,2019-03-17,2019-03-20,CUST-1644,Customer 20,Consumer,West,Florida,City20,Furniture,Bookcases,Bookcases Model 951,4,1473.57,0.0,5894.28,1019.13
CA-1021,2018-01-21,2018-01-25,CUST-1325,Customer 21,Consumer,Central,California,City21,Office Supplies,Storage,Storage Model 218,8,130.6,0.0,1044.8,358.85
CA-1022,2020-04-30,2020-05-05,CUST-1409,Customer 22,Home Office,Central,Pennsylvania,City22,Office Supplies,Binders,Binders Model 255,3,161.27,0.0,483.81,50.45
CA-1023,2019-08-14,2019-08-19,CUST-1117,Customer 23,Consumer,East,Florida,City23,Furniture,Bookcases,Bookcases Model 883,6,1101.14,0.0,6606.84,1914.31
CA-1024,2017-10-04,2017-10-08,CUST-1835,Customer 24,Consumer,Central,Ohio,City24,Office Supplies,Paper,Paper Model 786,9,119.45,0.0,1075.05,161.53
CA-1025,2020-03-30,2020-04-06,CUST-1786,Customer 25,Corporate,East,Florida,City25,Technology,Accessories,Accessories Model 564,1,154.03,0.0,154.03,41.47
CA-1026,2018-04-05,2018-04-07,CUST-1723,Customer 26,Consumer,East,Florida,City26,Office Supplies,Storage,Storage Model 203,1,92.04,0.0,92.04,16.2
CA-1027,2020-08-30,2020-09-04,CUST-1224,Customer 27,Corporate,East,Washington,City27,Office Supplies,Art,Art Model 703,8,135.61,0.1,976.39,218.23
CA-1028,2017-01-22,2017-01-25,CUST-1531,Customer 28,Consumer,East,Washington,City28,Technology,Phones,Phones Model 797,3,1371.19,0.3,2879.5,863.23
CA-1029,2017-09-10,2017-09-12,CUST-1112,Customer 29,Home Office,West,Washington,City29,Office Supplies,Art,Art Model 894,5,75.88,0.0,379.4,110.5
CA-1030,2019-01-18,2019-01-21,CUST-1139,Customer 30,Corporate,East,Florida,City30,Office Supplies,Storage,Storage Model 601,1,188.46,0.0,188.46,58.41
CA-1031,2019-05-07,2019-05-08,CUST-1558,Customer 31,Corporate,South,Ohio,City31,Technology,Copiers,Copiers Model 792,5,376.35,0.1,1693.58,114.97
CA-1032,2018-04-20,2018-04-22,CUST-1000,Customer 32,Home Office,Central,Pennsylvania,City32,Furniture,Furnishings,Furnishings Model 781,6,800.5,0.2,3842.4,989.86
CA-1033,2019-12-19,2019-12-24,CUST-1089,Customer 33,Consumer,South,Illinois,City33,Office Supplies,Storage,Storage Model 798,8,138.8,0.0,1110.4,102.15
CA-1034,2018-05-26,2018-05-28,CUST-1653,Customer 34,Home Office,West,Florida,City34,Office Supplies,Paper,Paper Model 274,3,140.03,0.0,420.09,73.41
CA-1035,2018-12-01,2018-12-03,CUST-1319,Customer 35,Consumer,South,Texas,City35,Office Supplies,Art,Art Model 833,3,130.43,0.0,391.29,83.96
CA-1036,2019-09-03,2019-09-05,CUST-1549,Customer 36,Consumer,Central,Ohio,City36,Office Supplies,Storage,Storage Model 844,9,56.51,0.0,508.59,86.88
CA-1037,2017-07-09,2017-07-16,CUST-1804,Customer 37,Consumer,South,Florida,City37,Technology,Machines,Machines Model 773,4,354.6,0.0,1418.4,292.03
CA-1038,2019-08-16,2019-08-18,CUST-1893,Customer 38,Consumer,West,Pennsylvania,City38,Technology,Phones,Phones Model 520,4,1290.08,0.0,5160.32,1800.73
CA-1039,2018-11-18,2018-11-21,CUST-1138,Customer 39,Consumer,East,Illinois,City39,Furniture,Tables,Tables Model 233,7,939.02,0.0,6573.14,595.3
CA-1040,2019-08-16,2019-08-17,CUST-1510,Customer 40,Corporate,South,Washington,City40,Technology,Phones,Phones Model 490,2,399.74,0.0,799.48,201.98
CA-1041,2018-07-17,2018-07-21,CUST-1867,Customer 41,Corporate,West,Ohio,City41,Office Supplies,Storage,Storage Model 835,8,141.62,0.0,1132.96,191.24
CA-1042,2020-06-21,2020-06-23,CUST-1844,Customer 42,Home Office,West,New York,City42,Office Supplies,Binders,Binders Model 600,6,92.12,0.0,552.72,49.69
CA-1043,2019-04-12,2019-04-17,CUST-1258,Customer 43,Consumer,Central,Illinois,City43,Office Supplies,Storage,Storage Model 764,3,134.22,0.0,402.66,39.31
CA-1044,2020-02-29,2020-03-02,CUST-1672,Customer 44,Corporate,Central,Texas,City44,Office Supplies,Art,Art Model 132,9,167.8,0.0,1510.2,505.59
CA-1045,2018-10-09,2018-10-14,CUST-1901,Customer 45,Consumer,South,Florida,City45,Office Supplies,Storage,Storage Model 154,5,35.61,0.0,178.05,55.89
CA-1046,2017-01-21,2017-01-24,CUST-1689,Customer 46,Consumer,East,Pennsylvania,City46,Technology,Phones,Phones Model 618,8,87.33,0.3,489.05,157.53
CA-1047,2019-04-21,2019-04-26,CUST-1009,Customer 47,Consumer,West,New York,City47,Office Supplies,Paper,Paper Model 855,7,156.26,0.0,1093.82,380.06
CA-1048,2017-06-16,2017-06-20,CUST-1260,Customer 48,Consumer,South,Pennsylvania,City48,Office Supplies,Storage,Storage Model 924,8,122.72,0.0,981.76,110.44
CA-1049,2020-07-21,2020-07-22,CUST-1918,Customer 49,Corporate,West,New York,City49,Furniture,Furnishings,Furnishings Model 737,7,1079.5,0.0,7556.5,1183.59
CA-1050,2018-01-23,2018-01-28,CUST-1649,Customer 50,Consumer,West,Ohio,City0,Technology,Accessories,Accessories Model 111,3,1684.4,0.0,5053.2,1267.17
CA-1051,2018-08-24,2018-08-29,CUST-1171,Customer 51,Consumer,East,New York,City1,Technology,Machines,Machines Model 627,2,1615.48,0.2,2584.77,504.39
CA-1052,2017-11-12,2017-11-13,CUST-1897,Customer 52,Consumer,East,Texas,City2,Technology,Accessories,Accessories Model 819,7,1923.79,0.0,13466.53,2363.6
CA-1053,2017-01-14,2017-01-18,CUST-1012,Customer 53,Consumer,South,Texas,City3,Furniture,Bookcases,Bookcases Model 654,3,850.31,0.0,2550.93,401.37
CA-1054,2017-08-30,2017-09-01,CUST-1167,Customer 54,Consumer,East,California,City4,Furniture,Furnishings,Furnishings Model 472,3,783.89,0.0,2351.67,536.5
CA-1055,2019-02-16,2019-02-21,CUST-1641,Customer 55,Home Office,East,Texas,City5,Office Supplies,Binders,Binders Model 583,2,81.57,0.0,163.14,36.33
CA-1056,2020-10-01,2020-10-02,CUST-1595,Customer 56,Consumer,South,Illinois,City6,Furniture,Tables,Tables Model 746,4,315.17,0.1,1134.61,111.69
CA-1057,2018-07-19,2018-07-22,CUST-1320,Customer 57,Consumer,East,New York,City7,Office Supplies,Paper,Paper Model 327,8,115.38,0.1,830.74,159.1
CA-1058,2019-06-17,2019-06-18,CUST-1318,Customer 58,Consumer,Central,Texas,City8,Technology,Copiers,Copiers Model 722,1,590.17,0.0,590.17,127.5
CA-1059,2020-09-25,2020-09-28,CUST-1612,Customer 59,Corporate,West,Ohio,City9,Office Supplies,Paper,Paper Model 406,1,184.42,0.0,184.42,40.77
CA-1060,2017-04-02,2017-04-06,CUST-1328,Customer 60,Home Office,West,Pennsylvania,City10,Furniture,Furnishings,Furnishings Model 556,5,916.47,0.1,4124.12,466.16
CA-1061,2020-10-22,2020-10-24,CUST-1784,Customer 61,Corporate,West,Washington,City11,Office Supplies,Art,Art Model 259,5,119.38,0.2,477.52,130.21
CA-1062,2019-08-14,2019-08-15,CUST-1776,Customer 62,Corporate,West,Pennsylvania,City12,Furniture,Bookcases,Bookcases Model 430,1,596.89,0.0,596.89,34.36
CA-1063,2020-12-22,2020-12-29,CUST-1970,Customer 63,Consumer,South,California,City13,Furniture,Bookcases,Bookcases Model 875,6,172.79,0.0,1036.74,162.2
CA-1064,2018-05-24,2018-05-29,CUST-1910,Customer 64,Consumer,West,Pennsylvania,City14,Office Supplies,Paper,Paper Model 324,1,8.29,0.0,8.29,2.35
CA-1065,2019-02-15,2019-02-19,CUST-1919,Customer 65,Home Office,West,New York,City15,Office Supplies,Art,Art Model 828,5,85.82,0.1,386.19,84.64
CA-1066,2017-02-04,2017-02-05,CUST-1549,Customer 66,Corporate,West,California,City16,Technology,Accessories,Accessories Model 603,9,214.9,0.0,1934.1,248.24
CA-1067,2017-07-25,2017-07-30,CUST-1418,Customer 67,Corporate,West,New York,City17,Technology,Copiers,Copiers Model 555,5,1233.35,0.0,6166.75,1594.02
CA-1068,2020-01-10,2020-01-11,CUST-1605,Customer 68,Corporate,Central,Ohio,City18,Office Supplies,Storage,Storage Model 144,6,176.43,0.0,1058.58,233.12
CA-1069,2020-11-12,2020-11-15,CUST-1094,Customer 69,Corporate,West,California,City19,Office Supplies,Art,Art Model 313,8,176.82,0.0,1414.56,408.63
CA-1070,2019-10-23,2019-10-24,CUST-1816,Customer 70,Corporate,Central,Florida,City20,Technology,Copiers,Copiers Model 158,1,1335.14,0.0,1335.14,361.17
CA-1071,2019-10-19,2019-10-26,CUST-1580,Customer 71,Home Office,South,Illinois,City21,Office Supplies,Paper,Paper Model 743,2,43.82,0.0,87.64,20.42
CA-1072,2020-11-14,2020-11-15,CUST-1317,Customer 72,Home Office,East,Illinois,City22,Furniture,Chairs,Chairs Model 715,9,1308.2,0.0,11773.8,2313.0
CA-1073,2018-07-20,2018-07-21,CUST-1955,Customer 73,Corporate,West,New York,City23,Technology,Copiers,Copiers Model 294,3,1777.88,0.0,5333.64,479.79
CA-1074,2020-02-04,2020-02-11,CUST-1235,Customer 74,Corporate,East,Pennsylvania,City24,Furniture,Chairs,Chairs Model 588,6,375.32,0.0,2251.92,289.15
CA-1075,2018-12-04,2018-12-08,CUST-1945,Customer 75,Consumer,East,Washington,City25,Office Supplies,Paper,Paper Model 256,5,148.01,0.0,740.05,130.05
CA-1076,2018-02-06,2018-02-07,CUST-1333,Customer 76,Corporate,South,Washington,City26,Office Supplies,Storage,Storage Model 709,2,58.73,0.0,117.46,26.99
CA-1077,2018-12-31,2019-01-07,CUST-1884,Customer 77,Consumer,East,Florida,City27,Office Supplies,Art,Art Model 325,7,160.92,0.1,1013.8,206.93
CA-1078,2017-06-11,2017-06-16,CUST-1375,Customer 78,Consumer,Central,California,City28,Office Supplies,Binders,Binders Model 511,4,199.45,0.0,797.8,108.86
CA-1079,2017-07-21,2017-07-24,CUST-1458,Customer 79,Home Office,East,Florida,City29,Technology,Phones,Phones Model 304,1,108.55,0.0,108.55,5.64
CA-1080,2019-09-23,2019-09-26,CUST-1136,Customer 80,Consumer,East,Florida,City30,Furniture,Chairs,Chairs Model 178,4,1356.31,0.0,5425.24,1078.93
CA-1081,2017-09-27,2017-09-28,CUST-1929,Customer 81,Consumer,East,Pennsylvania,City31,Office Supplies,Storage,Storage Model 223,6,125.28,0.0,751.68,101.99
CA-1082,2019-03-27,2019-03-31,CUST-1587,Customer 82,Consumer,West,Washington,City32,Office Supplies,Storage,Storage Model 570,7,194.73,0.0,1363.11,368.56
CA-1083,2020-07-18,2020-07-22,CUST-1994,Customer 83,Consumer,West,California,City33,Office Supplies,Art,Art Model 317,7,94.07,0.0,658.49,37.66
CA-1084,2018-04-01,2018-04-06,CUST-1546,Customer 84,Corporate,Central,Ohio,City34,Furniture,Bookcases,Bookcases Model 615,7,1286.34,0.0,9004.38,2030.02
CA-1085,2020-06-29,2020-06-30,CUST-1512,Customer 85,Consumer,Central,Pennsylvania,City35,Technology,Phones,Phones Model 701,3,171.67,0.0,515.01,171.21
CA-1086,2019-10-14,2019-10-17,CUST-1295,Customer 86,Consumer,West,Florida,City36,Office Supplies,Art,Art Model 203,6,68.39,0.0,410.34,41.99
CA-1087,2017-10-23,2017-10-27,CUST-1319,Customer 87,Consumer,Central,Florida,City37,Technology,Machines,Machines Model 492,8,180.68,0.0,1445.44,276.79
CA-1088,2018-12-21,2018-12-22,CUST-1917,Customer 88,Corporate,West,Ohio,City38,Technology,Phones,Phones Model 730,4,1951.92,0.0,7807.68,604.52
CA-1089,2017-12-04,2017-12-08,CUST-1571,Customer 89,Corporate,South,Florida,City39,Office Supplies,Binders,Binders Model 744,8,163.76,0.0,1310.08,311.41
CA-1090,2019-05-29,2019-06-05,CUST-1831,Customer 90,Consumer,East,Florida,City40,Office Supplies,Binders,Binders Model 923,2,170.8,0.0,341.6,73.5
CA-1091,2019-12-13,2019-12-17,CUST-1348,Customer 91,Consumer,East,Florida,City41,Technology,Machines,Machines Model 707,9,1879.03,0.0,16911.27,2912.28
CA-1092,2019-03-03,2019-03-06,CUST-1839,Customer 92,Consumer,Central,Illinois,City42,Furniture,Chairs,Chairs Model 533,9,219.14,0.1,1775.03,366.39
CA-1093,2017-08-05,2017-08-07,CUST-1778,Customer 93,Corporate,West,Pennsylvania,City43,Office Supplies,Paper,Paper Model 430,8,78.35,0.1,564.12,179.94
CA-1094,2019-02-03,2019-02-08,CUST-1872,Customer 94,Corporate,West,Texas,City44,Furniture,Tables,Tables Model 242,1,199.45,0.0,199.45,21.72
CA-1095,2017-07-07,2017-07-12,CUST-1228,Customer 95,Consumer,Central,Pennsylvania,City45,Office Supplies,Storage,Storage Model 899,2,43.74,0.0,87.48,4.97
CA-1096,2018-01-15,2018-01-18,CUST-1269,Customer 96,Consumer,West,Ohio,City46,Office Supplies,Binders,Binders Model 639,6,47.41,0.0,284.46,87.76
CA-1097,2018-05-08,2018-05-12,CUST-1827,Customer 97,Consumer,South,Florida,City47,Technology,Machines,Machines Model 377,5,964.76,0.0,4823.8,1076.36
CA-1098,2019-12-01,2019-12-02,CUST-1797,Customer 98,Home Office,East,Pennsylvania,City48,Technology,Machines,Machines Model 332,9,573.7,0.0,5163.3,1637.79
CA-1099,2020-03-26,2020-03-30,CUST-1290,Customer 99,Consumer,Central,Illinois,City49,Furniture,Furnishings,Furnishings Model 628,5,241.37,0.1,1086.16,248.82
CA-1100,2017-01-15,2017-01-18,CUST-1724,Customer 100,Consumer,Central,Washington,City0,Furniture,Furnishings,Furnishings Model 670,2,334.49,0.0,668.98,196.04
CA-1101,2017-03-06,2017-03-11,CUST-1164,Customer 101,Consumer,West,Ohio,City1,Office Supplies,Art,Art Model 189,4,31.16,0.1,112.18,20.07
CA-1102,2018-06-05,2018-06-09,CUST-1004,Customer 102,Consumer,Central,New York,City2,Office Supplies,Binders,Binders Model 591,9,194.67,0.0,1752.03,481.73
CA-1103,2020-09-29,2020-10-04,CUST-1850,Customer 103,Corporate,South,Pennsylvania,City3,Furniture,Tables,Tables Model 298,1,1163.01,0.0,1163.01,376.71
CA-1104,2020-02-27,2020-02-28,CUST-1378,Customer 104,Consumer,West,New York,City4,Office Supplies,Storage,Storage Model 461,1,193.62,0.0,193.62,42.91
CA-1105,2018-10-10,2018-10-15,CUST-1077,Customer 105,Corporate,West,Florida,City5,Office Supplies,Binders,Binders Model 540,7,89.07,0.0,623.49,64.99
CA-1106,2019-12-23,2019-12-28,CUST-1409,Customer 106,Corporate,West,Illinois,City6,Technology,Machines,Machines Model 125,3,592.82,0.0,1778.46,232.34
CA-1107,2020-03-08,2020-03-10,CUST-1573,Customer 107,Consumer,West,Illinois,City7,Office Supplies,Binders,Binders Model 124,2,160.06,0.0,320.12,35.08
CA-1108,2018-08-16,2018-08-18,CUST-1131,Customer 108,Consumer,South,Pennsylvania,City8,Office Supplies,Storage,Storage Model 493,9,66.6,0.0,599.4,74.36
CA-1109,2018-01-27,2018-02-03,CUST-1600,Customer 109,Home Office,West,Ohio,City9,Office Supplies,Paper,Paper Model 606,3,61.28,0.3,128.69,18.26
CA-1110,2018-02-23,2018-02-25,CUST-1748,Customer 110,Consumer,Central,Ohio,City10,Technology,Accessories,Accessories Model 400,2,503.39,0.0,1006.78,218.01
CA-1111,2017-10-16,2017-10-21,CUST-1041,Customer 111,Consumer,South,Illinois,City11,Office Supplies,Art,Art Model 438,8,27.68,0.3,155.01,35.09
CA-1112,2018-01-14,2018-01-17,CUST-1088,Customer 112,Home Office,East,Ohio,City12,Office Supplies,Storage,Storage Model 366,6,52.78,0.3,221.68,39.45
CA-1113,2017-08-19,2017-08-24,CUST-1401,Customer 113,Consumer,East,Illinois,City13,Office Supplies,Storage,Storage Model 560,6,72.35,0.0,434.1,101.85
CA-1114,2019-10-15,2019-10-18,CUST-1295,Customer 114,Consumer,Central,Pennsylvania,City14,Technology,Copiers,Copiers Model 792,7,1364.29,0.0,9550.03,711.21
CA-1115,2017-02-10,2017-02-13,CUST-1839,Customer 115,Consumer,Central,Texas,City15,Office Supplies,Storage,Storage Model 555,7,14.39,0.0,100.73,7.69
CA-1116,2019-11-18,2019-11-20,CUST-1294,Customer 116,Home Office,South,Illinois,City16,Furniture,Furnishings,Furnishings Model 459,6,394.71,0.1,2131.43,216.44
CA-1117,2017-05-15,2017-05-19,CUST-1615,Customer 117,Consumer,East,New York,City17,Office Supplies,Paper,Paper Model 167,4,162.19,0.0,648.76,133.27
CA-1118,2017-07-20,2017-07-21,CUST-1525,Customer 118,Consumer,East,Ohio,City18,Office Supplies,Storage,Storage Model 962,9,31.09,0.0,279.81,31.95
CA-1119,2019-02-19,2019-02-21,CUST-1799,Customer 119,Consumer,East,Illinois,City19,Furniture,Chairs,Chairs Model 511,6,579.7,0.0,3478.2,469.51
CA-1120,2019-07-19,2019-07-21,CUST-1690,Customer 120,Consumer,East,Illinois,City20,Technology,Phones,Phones Model 590,4,1736.08,0.0,6944.32,1181.19
CA-1121,2019-11-23,2019-11-27,CUST-1636,Customer 121,Consumer,East,Pennsylvania,City21,Office Supplies,Storage,Storage Model 932,3,32.68,0.0,98.04,28.78
CA-1122,2019-12-08,2019-12-09,CUST-1421,Customer 122,Consumer,West,Ohio,City22,Office Supplies,Paper,Paper Model 148,4,18.38,0.0,73.52,3.98
CA-1123,2018-05-18,2018-05-23,CUST-1864,Customer 123,Consumer,Central,Texas,City23,Office Supplies,Binders,Binders Model 786,3,97.94,0.0,293.82,71.93
CA-1124,2018-02-11,2018-02-18,CUST-1022,Customer 124,Consumer,West,Pennsylvania,City24,Technology,Copiers,Copiers Model 663,2,639.72,0.1,1151.5,288.64
CA-1125,2019-03-16,2019-03-23,CUST-1574,Customer 125,Consumer,East,Texas,City25,Furniture,Chairs,Chairs Model 201,5,888.77,0.0,4443.85,1286.92
CA-1126,2017-04-09,2017-04-14,CUST-1142,Customer 126,Consumer,South,Washington,City26,Office Supplies,Art,Art Model 315,2,161.15,0.2,257.84,85.04
CA-1127,2018-11-15,2018-11-17,CUST-1992,Customer 127,Consumer,South,Pennsylvania,City27,Technology,Copiers,Copiers Model 537,6,317.44,0.0,1904.64,106.74
CA-1128,2018-12-27,2018-12-28,CUST-1664,Customer 128,Consumer,East,Ohio,City28,Technology,Copiers,Copiers Model 799,3,1182.36,0.1,3192.37,306.9
CA-1129,2019-08-19,2019-08-21,CUST-1144,Customer 129,Corporate,East,California,City29,Office Supplies,Storage,Storage Model 668,6,102.09,0.0,612.54,193.47
CA-1130,2018-09-05,2018-09-08,CUST-1224,Customer 130,Consumer,South,Ohio,City30,Office Supplies,Storage,Storage Model 658,9,30.53,0.0,274.77,51.53
CA-1131,2018-10-05,2018-10-07,CUST-1502,Customer 131,Consumer,West,Ohio,City31,Technology,Machines,Machines Model 258,1,1266.8,0.0,1266.8,277.91
CA-1132,2019-10-26,2019-10-28,CUST-1961,Customer 132,Consumer,West,Texas,City32,Office Supplies,Storage,Storage Model 588,6,56.18,0.1,303.37,75.51
CA-1133,2020-05-26,2020-05-31,CUST-1973,Customer 133,Home Office,East,Texas,City33,Technology,Phones,Phones Model 785,9,1001.28,0.0,9011.52,2286.4
CA-1134,2018-05-18,2018-05-23,CUST-1820,Customer 134,Corporate,West,Ohio,City34,Technology,Copiers,Copiers Model 341,4,210.43,0.1,757.55,249.63
CA-1135,2019-02-06,2019-02-11,CUST-1615,Customer 135,Consumer,South,Ohio,City35,Furniture,Furnishings,Furnishings Model 893,2,743.42,0.3,1040.79,363.32
CA-1136,2018-02-02,2018-02-09,CUST-1103,Customer 136,Consumer,West,Ohio,City36,Furniture,Tables,Tables Model 852,4,529.05,0.0,2116.2,563.01
CA-1137,2019-05-21,2019-05-24,CUST-1946,Customer 137,Home Office,East,Texas,City37,Office Supplies,Paper,Paper Model 981,1,164.83,0.0,164.83,22.44
CA-1138,2019-03-06,2019-03-11,CUST-1038,Customer 138,Consumer,South,Ohio,City38,Furniture,Furnishings,Furnishings Model 104,3,179.77,0.0,539.31,169.3
CA-1139,2018-01-28,2018-01-29,CUST-1946,Customer 139,Consumer,West,Ohio,City39,Office Supplies,Art,Art Model 695,9,84.88,0.0,763.92,49.48
CA-1140,2017-07-26,2017-08-02,CUST-1197,Customer 140,Consumer,Central,Washington,City40,Technology,Phones,Phones Model 919,5,943.94,0.1,4247.73,506.86
CA-1141,2019-11-05,2019-11-09,CUST-1645,Customer 141,Consumer,South,Florida,City41,Office Supplies,Paper,Paper Model 460,6,145.55,0.0,873.3,278.77
CA-1142,2019-06-11,2019-06-12,CUST-1578,Customer 142,Home Office,South,California,City42,Technology,Phones,Phones Model 558,3,1169.86,0.0,3509.58,445.22
CA-1143,2019-05-14,2019-05-15,CUST-1390,Customer 143,Corporate,Central,New York,City43,Office Supplies,Paper,Paper Model 347,5,134.11,0.3,469.38,54.54
CA-1144,2019-01-13,2019-01-18,CUST-1178,Customer 144,Consumer,Central,California,City44,Office Supplies,Paper,Paper Model 665,8,155.86,0.0,1246.88,114.01
CA-1145,2020-06-18,2020-06-22,CUST-1967,Customer 145,Consumer,South,Florida,City45,Furniture,Furnishings,Furnishings Model 772,6,1307.08,0.1,7058.23,2172.05
CA-1146,2018-07-18,2018-07-22,CUST-1553,Customer 146,Home Office,Central,New York,City46,Office Supplies,Art,Art Model 521,4,64.15,0.0,256.6,51.32
CA-1147,2019-10-18,2019-10-25,CUST-1447,Customer 147,Home Office,East,Pennsylvania,City47,Office Supplies,Storage,Storage Model 837,2,108.53,0.0,217.06,54.8
CA-1148,2017-04-06,2017-04-10,CUST-1499,Customer 148,Corporate,East,Ohio,City48,Office Supplies,Storage,Storage Model 114,9,168.34,0.0,1515.06,184.41
CA-1149,2018-04-30,2018-05-03,CUST-1014,Customer 149,Home Office,East,Florida,City49,Technology,Accessories,Accessories Model 835,1,1979.43,0.0,1979.43,549.12
CA-1150,2020-12-01,2020-12-06,CUST-1622,Customer 150,Home Office,South,Washington,City0,Office Supplies,Storage,Storage Model 672,1,178.12,0.0,178.12,49.52
CA-1151,2017-08-19,2017-08-23,CUST-1668,Customer 151,Corporate,Central,Pennsylvania,City1,Office Supplies,Storage,Storage Model 221,4,75.55,0.0,302.2,43.45
CA-1152,2019-01-19,2019-01-26,CUST-1288,Customer 152,Consumer,Central,Ohio,City2,Office Supplies,Paper,Paper Model 376,7,40.64,0.0,284.48,49.27
CA-1153,2020-04-09,2020-04-12,CUST-1477,Customer 153,Consumer,West,Texas,City3,Furniture,Bookcases,Bookcases Model 657,1,785.15,0.0,785.15,88.65
CA-1154,2018-06-25,2018-06-27,CUST-1230,Customer 154,Corporate,West,Illinois,City4,Office Supplies,Storage,Storage Model 552,9,148.85,0.0,1339.65,459.46
CA-1155,2019-11-26,2019-11-28,CUST-1922,Customer 155,Consumer,Central,Florida,City5,Furniture,Chairs,Chairs Model 489,4,789.6,0.0,3158.4,769.64
CA-1156,2018-06-09,2018-06-12,CUST-1419,Customer 156,Corporate,Central,Texas,City6,Furniture,Bookcases,Bookcases Model 393,3,776.45,0.0,2329.35,769.53
CA-1157,2020-03-29,2020-04-05,CUST-1156,Customer 157,Consumer,Central,Florida,City7,Furniture,Tables,Tables Model 673,1,1273.52,0.0,1273.52,179.59
CA-1158,2020-06-20,2020-06-23,CUST-1549,Customer 158,Consumer,South,Washington,City8,Office Supplies,Storage,Storage Model 697,4,73.56,0.0,294.24,83.73
CA-1159,2020-01-15,2020-01-20,CUST-1440,Customer 159,Consumer,Central,Florida,City9,Technology,Machines,Machines Model 545,9,1726.6,0.0,15539.4,4347.27
CA-1160,2018-08-01,2018-08-06,CUST-1096,Customer 160,Consumer,West,Texas,City10,Office Supplies,Binders,Binders Model 309,6,82.55,0.0,495.3,127.54
CA-1161,2018-11-13,2018-11-15,CUST-1996,Customer 161,Home Office,South,Washington,City11,Office Supplies,Art,Art Model 689,6,66.99,0.0,401.94,136.54
CA-1162,2018-07-11,2018-07-15,CUST-1410,Customer 162,Corporate,Central,New York,City12,Office Supplies,Binders,Binders Model 813,1,91.89,0.0,91.89,15.44
CA-1163,2019-10-10,2019-10-17,CUST-1950,Customer 163,Corporate,West,California,City13,Furniture,Bookcases,Bookcases Model 401,2,1167.43,0.0,2334.86,208.3
CA-1164,2018-10-08,2018-10-10,CUST-1288,Customer 164,Corporate,South,Ohio,City14,Technology,Accessories,Accessories Model 322,6,295.7,0.1,1596.78,401.61
CA-1165,2019-03-07,2019-03-11,CUST-1253,Customer 165,Consumer,Central,Florida,City15,Office Supplies,Storage,Storage Model 833,2,40.89,0.0,81.78,21.98
CA-1166,2019-11-18,2019-11-22,CUST-1195,Customer 166,Consumer,Central,Ohio,City16,Office Supplies,Storage,Storage Model 102,3,190.39,0.0,571.17,127.1
CA-1167,2020-09-25,2020-09-30,CUST-1597,Customer 167,Consumer,Central,Illinois,City17,Office Supplies,Binders,Binders Model 617,4,36.75,0.0,147.0,16.47
CA-1168,2020-09-16,2020-09-17,CUST-1833,Customer 168,Consumer,South,Texas,City18,Furniture,Chairs,Chairs Model 192,5,894.82,0.0,4474.1,900.8
CA-1169,2020-10-03,2020-10-04,CUST-1521,Customer 169,Consumer,West,Ohio,City19,Office Supplies,Binders,Binders Model 619,9,116.7,0.2,840.24,120.71
CA-1170,2020-06-08,2020-06-11,CUST-1516,Customer 170,Consumer,West,Texas,City20,Office Supplies,Art,Art Model 527,4,98.95,0.0,395.8,70.55
CA-1171,2017-07-09,2017-07-14,CUST-1634,Customer 171,Consumer,East,Ohio,City21,Technology,Accessories,Accessories Model 592,9,1307.25,0.0,11765.25,2865.61
CA-1172,2020-06-02,2020-06-06,CUST-1841,Customer 172,Home Office,Central,California,City22,Furniture,Bookcases,Bookcases Model 334,3,421.76,0.0,1265.28,346.14
CA-1173,2020-11-09,2020-11-16,CUST-1864,Customer 173,Home Office,East,California,City23,Office Supplies,Art,Art Model 719,8,111.43,0.0,891.44,106.68
CA-1174,2020-11-01,2020-11-02,CUST-1117,Customer 174,Consumer,East,Washington,City24,Office Supplies,Art,Art Model 260,1,75.69,0.0,75.69,12.99
CA-1175,2020-07-30,2020-08-03,CUST-1805,Customer 175,Corporate,West,California,City25,Furniture,Chairs,Chairs Model 820,9,1026.33,0.0,9236.97,1207.72
CA-1176,2018-09-25,2018-09-26,CUST-1908,Customer 176,Corporate,South,Washington,City26,Office Supplies,Paper,Paper Model 851,9,29.96,0.0,269.64,29.55
CA-1177,2018-09-20,2018-09-21,CUST-1158,Customer 177,Consumer,South,California,City27,Office Supplies,Art,Art Model 430,2,115.03,0.0,230.06,65.57
CA-1178,2019-08-31,2019-09-01,CUST-1814,Customer 178,Home Office,West,California,City28,Technology,Copiers,Copiers Model 432,4,411.28,0.0,1645.12,531.0
CA-1179,2020-07-06,2020-07-13,CUST-1227,Customer 179,Home Office,South,California,City29,Office Supplies,Art,Art Model 149,8,57.17,0.0,457.36,73.67
CA-1180,2020-10-14,2020-10-19,CUST-1876,Customer 180,Consumer,East,Texas,City30,Technology,Accessories,Accessories Model 622,7,476.48,0.0,3335.36,918.5
CA-1181,2018-12-11,2018-12-18,CUST-1215,Customer 181,Consumer,Central,Florida,City31,Technology,Phones,Phones Model 962,1,406.53,0.0,406.53,129.72
CA-1182,2020-12-05,2020-12-07,CUST-1947,Customer 182,Consumer,West,Washington,City32,Technology,Accessories,Accessories Model 767,5,1660.14,0.3,5810.49,1765.44
CA-1183,2018-10-11,2018-10-15,CUST-1695,Customer 183,Consumer,Central,Ohio,City33,Furniture,Tables,Tables Model 591,7,499.99,0.0,3499.93,366.95
CA-1184,2017-11-14,2017-11-19,CUST-1014,Customer 184,Consumer,South,California,City34,Office Supplies,Storage,Storage Model 681,4,185.57,0.1,668.05,225.06
CA-1185,2020-06-02,2020-06-07,CUST-1156,Customer 185,Home Office,Central,Texas,City35,Office Supplies,Storage,Storage Model 780,1,194.05,0.0,194.05,31.63
CA-1186,2020-06-11,2020-06-16,CUST-1647,Customer 186,Consumer,South,Texas,City36,Technology,Accessories,Accessories Model 371,9,1163.96,0.0,10475.64,1589.91
CA-1187,2018-11-15,2018-11-20,CUST-1260,Customer 187,Consumer,South,Texas,City37,Office Supplies,Art,Art Model 679,5,30.31,0.0,151.55,10.42
CA-1188,2018-10-26,2018-11-02,CUST-1156,Customer 188,Home Office,East,Washington,City38,Furniture,Chairs,Chairs Model 966,2,624.37,0.0,1248.74,244.57
CA-1189,2020-10-29,2020-11-03,CUST-1046,Customer 189,Corporate,South,Florida,City39,Office Supplies,Paper,Paper Model 351,8,159.95,0.0,1279.6,105.83
CA-1190,2020-06-10,2020-06-13,CUST-1323,Customer 190,Consumer,East,Washington,City40,Office Supplies,Art,Art Model 659,2,74.74,0.0,149.48,18.62
CA-1191,2020-02-11,2020-02-15,CUST-1843,Customer 191,Consumer,East,Ohio,City41,Technology,Copiers,Copiers Model 795,3,219.68,0.0,659.04,95.62
CA-1192,2018-03-18,2018-03-23,CUST-1684,Customer 192,Consumer,East,Florida,City42,Technology,Accessories,Accessories Model 931,1,1135.73,0.2,908.58,265.89
CA-1193,2018-07-18,2018-07-22,CUST-1129,Customer 193,Corporate,West,New York,City43,Office Supplies,Storage,Storage Model 798,2,169.33,0.0,338.66,105.88
CA-1194,2020-07-15,2020-07-18,CUST-1410,Customer 194,Consumer,West,Pennsylvania,City44,Furniture,Tables,Tables Model 189,7,1214.3,0.0,8500.1,1196.3
CA-1195,2020-11-10,2020-11-13,CUST-1094,Customer 195,Consumer,South,Texas,City45,Office Supplies,Paper,Paper Model 545,2,36.67,0.0,73.34,22.56
CA-1196,2020-11-11,2020-11-15,CUST-1626,Customer 196,Home Office,East,Washington,City46,Furniture,Furnishings,Furnishings Model 431,6,1041.87,0.0,6251.22,1920.18
CA-1197,2020-02-11,2020-02-12,CUST-1754,Customer 197,Consumer,West,New York,City47,Furniture,Bookcases,Bookcases Model 238,3,408.71,0.0,1226.13,342.57
CA-1198,2019-08-10,2019-08-12,CUST-1931,Customer 198,Home Office,East,Illinois,City48,Technology,Phones,Phones Model 456,4,475.5,0.0,1902.0,178.8
CA-1199,2020-01-10,2020-01-11,CUST-1291,Customer 199,Home Office,Central,Washington,City49,Office Supplies,Paper,Paper Model 700,8,175.07,0.2,1120.45,288.06
CA-1200,2018-11-30,2018-12-01,CUST-1793,Customer 200,Consumer,Central,California,City0,Office Supplies,Storage,Storage Model 373,3,51.43,0.0,154.29,51.46
CA-1201,2017-04-23,2017-04-30,CUST-1810,Customer 201,Home Office,Central,Pennsylvania,City1,Technology,Phones,Phones Model 118,6,563.33,0.0,3379.98,861.09
CA-1202,2017-01-02,2017-01-03,CUST-1282,Customer 202,Consumer,South,California,City2,Office Supplies,Paper,Paper Model 410,1,2.13,0.0,2.13,0.32
CA-1203,2018-10-04,2018-10-09,CUST-1068,Customer 203,Home Office,East,Florida,City3,Office Supplies,Art,Art Model 969,7,174.39,0.2,976.58,195.49
CA-1204,2017-08-08,2017-08-15,CUST-1659,Customer 204,Consumer,Central,Pennsylvania,City4,Technology,Machines,Machines Model 985,8,1595.56,0.0,12764.48,3110.93
CA-1205,2019-05-05,2019-05-12,CUST-1010,Customer 205,Corporate,West,Washington,City5,Furniture,Bookcases,Bookcases Model 253,8,978.26,0.0,7826.08,1590.03
CA-1206,2020-06-02,2020-06-05,CUST-1253,Customer 206,Consumer,Central,Ohio,City6,Technology,Machines,Machines Model 489,3,1513.02,0.0,4539.06,390.3
CA-1207,2018-01-20,2018-01-21,CUST-1841,Customer 207,Home Office,Central,New York,City7,Technology,Machines,Machines Model 359,1,346.49,0.0,346.49,49.76
CA-1208,2020-11-27,2020-11-30,CUST-1871,Customer 208,Corporate,Central,Ohio,City8,Technology,Phones,Phones Model 719,9,943.73,0.0,8493.57,2469.24
CA-1209,2020-02-28,2020-03-03,CUST-1549,Customer 209,Consumer,South,Washington,City9,Office Supplies,Storage,Storage Model 982,6,71.54,0.0,429.24,132.39
CA-1210,2019-12-13,2019-12-15,CUST-1133,Customer 210,Home Office,West,Florida,City10,Office Supplies,Paper,Paper Model 896,9,20.57,0.0,185.13,16.88
CA-1211,2018-12-31,2019-01-07,CUST-1711,Customer 211,Consumer,East,California,City11,Office Supplies,Art,Art Model 670,7,98.25,0.0,687.75,230.89
CA-1212,2020-12-10,2020-12-14,CUST-1022,Customer 212,Consumer,West,Pennsylvania,City12,Technology,Copiers,Copiers Model 224,1,1845.44,0.0,1845.44,274.32
CA-1213,2017-09-04,2017-09-08,CUST-1814,Customer 213,Consumer,East,Ohio,City13,Technology,Accessories,Accessories Model 453,1,128.12,0.0,128.12,31.86
CA-1214,2019-04-16,2019-04-21,CUST-1345,Customer 214,Consumer,South,Washington,City14,Office Supplies,Storage,Storage Model 372,6,59.71,0.0,358.26,98.72
CA-1215,2017-07-22,2017-07-24,CUST-1301,Customer 215,Consumer,South,Ohio,City15,Office Supplies,Art,Art Model 718,5,43.09,0.0,215.45,63.25
CA-1216,2020-04-22,2020-04-26,CUST-1362,Customer 216,Home Office,South,Washington,City16,Furniture,Tables,Tables Model 910,9,433.41,0.0,3900.69,1301.76
CA-1217,2017-05-03,2017-05-07,CUST-1395,Customer 217,Consumer,South,California,City17,Furniture,Bookcases,Bookcases Model 344,2,1371.81,0.0,2743.62,394.74
CA-1218,2018-02-05,2018-02-07,CUST-1217,Customer 218,Corporate,East,Pennsylvania,City18,Office Supplies,Binders,Binders Model 947,8,94.68,0.0,757.44,232.95
CA-1219,2019-02-06,2019-02-08,CUST-1140,Customer 219,Consumer,Central,New York,City19,Office Supplies,Binders,Binders Model 549,5,94.33,0.1,424.48,37.99
CA-1220,2017-10-21,2017-10-25,CUST-1615,Customer 220,Home Office,East,California,City20,Technology,Accessories,Accessories Model 346,2,1533.12,0.2,2452.99,641.49
CA-1221,2017-10-07,2017-10-09,CUST-1957,Customer 221,Home Office,West,Ohio,City21,Office Supplies,Art,Art Model 619,6,32.59,0.0,195.54,53.3
CA-1222,2019-06-03,2019-06-07,CUST-1209,Customer 222,Consumer,South,New York,City22,Furniture,Furnishings,Furnishings Model 240,8,782.17,0.0,6257.36,1585.1
CA-1223,2017-07-17,2017-07-21,CUST-1984,Customer 223,Home Office,South,Washington,City23,Office Supplies,Binders,Binders Model 461,4,87.14,0.0,348.56,43.81
CA-1224,2019-09-09,2019-09-14,CUST-1992,Customer 224,Consumer,West,New York,City24,Office Supplies,Storage,Storage Model 107,2,120.19,0.0,240.38,74.98
CA-1225,2019-01-22,2019-01-23,CUST-1622,Customer 225,Corporate,East,Washington,City25,Office Supplies,Binders,Binders Model 577,5,199.91,0.0,999.55,100.61
CA-1226,2017-05-24,2017-05-28,CUST-1615,Customer 226,Consumer,Central,California,City26,Office Supplies,Storage,Storage Model 451,2,154.35,0.0,308.7,20.4
CA-1227,2018-09-01,2018-09-04,CUST-1827,Customer 227,Home Office,Central,Ohio,City27,Technology,Copiers,Copiers Model 594,2,825.84,0.0,1651.68,438.09
CA-1228,2020-05-09,2020-05-16,CUST-1682,Customer 228,Consumer,West,Florida,City28,Technology,Machines,Machines Model 705,6,1663.73,0.0,9982.38,1923.03
CA-1229,2020-02-22,2020-02-23,CUST-1459,Customer 229,Consumer,Central,Ohio,City29,Office Supplies,Storage,Storage Model 932,9,35.8,0.0,322.2,98.18
CA-1230,2017-07-06,2017-07-07,CUST-1355,Customer 230,Corporate,East,Washington,City30,Furniture,Chairs,Chairs Model 526,4,142.65,0.0,570.6,94.16
CA-1231,2020-09-11,2020-09-12,CUST-1323,Customer 231,Consumer,East,Texas,City31,Office Supplies,Art,Art Model 138,6,42.48,0.0,254.88,25.61
CA-1232,2018-04-09,2018-04-14,CUST-1132,Customer 232,Consumer,West,Pennsylvania,City32,Furniture,Bookcases,Bookcases Model 692,7,576.58,0.0,4036.06,1214.58
CA-1233,2020-10-04,2020-10-08,CUST-1887,Customer 233,Consumer,East,Illinois,City33,Office Supplies,Paper,Paper Model 286,6,103.09,0.1,556.69,119.51
CA-1234,2018-10-22,2018-10-27,CUST-1804,Customer 234,Consumer,South,Florida,City34,Furniture,Furnishings,Furnishings Model 695,8,961.18,0.2,6151.55,656.73
CA-1235,2019-02-03,2019-02-07,CUST-1839,Customer 235,Consumer,West,New York,City35,Office Supplies,Binders,Binders Model 699,4,182.3,0.0,729.2,194.05
CA-1236,2019-08-13,2019-08-18,CUST-1126,Customer 236,Consumer,East,Florida,City36,Furniture,Bookcases,Bookcases Model 853,1,813.8,0.0,813.8,165.47
CA-1237,2018-02-07,2018-02-12,CUST-1105,Customer 237,Consumer,West,Pennsylvania,City37,Office Supplies,Paper,Paper Model 953,7,101.25,0.0,708.75,163.93
CA-1238,2020-10-01,2020-10-08,CUST-1603,Customer 238,Consumer,Central,New York,City38,Technology,Copiers,Copiers Model 192,3,147.97,0.0,443.91,83.57
CA-1239,2017-05-27,2017-05-30,CUST-1798,Customer 239,Corporate,East,Pennsylvania,City39,Furniture,Tables,Tables Model 185,6,148.88,0.0,893.28,266.74
CA-1240,2020-03-17,2020-03-22,CUST-1377,Customer 240,Consumer,South,New York,City40,Furniture,Chairs,Chairs Model 143,2,871.62,0.0,1743.24,521.0
CA-1241,2019-05-14,2019-05-21,CUST-1904,Customer 241,Consumer,East,Florida,City41,Office Supplies,Art,Art Model 236,9,88.76,0.0,798.84,209.95
CA-1242,2018-05-04,2018-05-06,CUST-1050,Customer 242,Consumer,West,New York,City42,Technology,Accessories,Accessories Model 520,1,1686.4,0.0,1686.4,137.64
CA-1243,2019-07-18,2019-07-21,CUST-1028,Customer 243,Consumer,West,New York,City43,Office Supplies,Art,Art Model 173,6,33.81,0.0,202.86,61.19
CA-1244,2018-07-05,2018-07-10,CUST-1461,Customer 244,Corporate,East,Texas,City44,Office Supplies,Paper,Paper Model 647,6,6.94,0.0,41.64,10.46
CA-1245,2017-12-04,2017-12-05,CUST-1295,Customer 245,Consumer,South,Ohio,City45,Furniture,Tables,Tables Model 712,5,728.65,0.0,3643.25,943.99
CA-1246,2019-05-22,2019-05-24,CUST-1296,Customer 246,Consumer,South,Ohio,City46,Technology,Accessories,Accessories Model 611,5,513.08,0.0,2565.4,407.63
CA-1247,2018-10-03,2018-10-05,CUST-1725,Customer 247,Corporate,South,Illinois,City47,Office Supplies,Binders,Binders Model 255,1,11.82,0.3,8.27,2.59
CA-1248,2018-04-18,2018-04-25,CUST-1778,Customer 248,Corporate,West,Illinois,City48,Technology,Machines,Machines Model 354,5,1462.97,0.0,7314.85,1957.54
CA-1249,2017-05-31,2017-06-02,CUST-1406,Customer 249,Consumer,East,Washington,City49,Technology,Machines,Machines Model 270,2,267.61,0.0,535.22,44.84
CA-1250,2020-12-09,2020-12-12,CUST-1768,Customer 250,Corporate,Central,Washington,City0,Office Supplies,Binders,Binders Model 827,7,122.45,0.1,771.44,132.94
CA-1251,2020-08-14,2020-08-19,CUST-1813,Customer 251,Home Office,West,Washington,City1,Technology,Machines,Machines Model 269,3,598.05,0.3,1255.9,396.76
CA-1252,2017-09-20,2017-09-25,CUST-1612,Customer 252,Consumer,South,Texas,City2,Furniture,Chairs,Chairs Model 863,4,342.89,0.0,1371.56,88.0
CA-1253,2017-05-24,2017-05-25,CUST-1404,Customer 253,Corporate,East,Illinois,City3,Technology,Accessories,Accessories Model 971,3,790.52,0.1,2134.4,722.33
CA-1254,2017-12-12,2017-12-19,CUST-1345,Customer 254,Corporate,South,Pennsylvania,City4,Office Supplies,Binders,Binders Model 421,3,160.69,0.0,482.07,122.32
CA-1255,2018-09-16,2018-09-17,CUST-1621,Customer 255,Consumer,Central,Washington,City5,Technology,Phones,Phones Model 666,4,814.58,0.0,3258.32,780.08
CA-1256,2019-10-14,2019-10-16,CUST-1419,Customer 256,Consumer,South,Washington,City6,Furniture,Furnishings,Furnishings Model 555,5,1151.08,0.0,5755.4,754.92
CA-1257,2019-05-31,2019-06-01,CUST-1181,Customer 257,Consumer,South,Florida,City7,Furniture,Tables,Tables Model 702,1,275.68,0.0,275.68,34.36
CA-1258,2017-01-02,2017-01-05,CUST-1982,Customer 258,Home Office,Central,California,City8,Office Supplies,Storage,Storage Model 889,4,155.01,0.0,620.04,206.24
CA-1259,2019-06-16,2019-06-21,CUST-1824,Customer 259,Home Office,East,Pennsylvania,City9,Office Supplies,Art,Art Model 712,8,48.91,0.0,391.28,54.58
CA-1260,2020-08-20,2020-08-22,CUST-1000,Customer 260,Corporate,West,Washington,City10,Office Supplies,Binders,Binders Model 254,7,136.12,0.0,952.84,269.32
CA-1261,2017-09-11,2017-09-12,CUST-1830,Customer 261,Consumer,East,Washington,City11,Office Supplies,Storage,Storage Model 988,9,114.02,0.0,1026.18,172.33
CA-1262,2018-03-29,2018-04-05,CUST-1949,Customer 262,Corporate,Central,Washington,City12,Furniture,Tables,Tables Model 448,5,1400.8,0.0,7004.0,642.8
CA-1263,2019-11-27,2019-11-30,CUST-1566,Customer 263,Consumer,South,California,City13,Office Supplies,Art,Art Model 550,4,78.69,0.0,314.76,16.75
CA-1264,2020-03-29,2020-04-01,CUST-1370,Customer 264,Consumer,East,California,City14,Technology,Copiers,Copiers Model 975,8,179.02,0.0,1432.16,305.45
CA-1265,2019-10-12,2019-10-13,CUST-1935,Customer 265,Consumer,West,Texas,City15,Office Supplies,Binders,Binders Model 752,9,5.79,0.0,52.11,17.86
CA-1266,2017-01-09,2017-01-14,CUST-1910,Customer 266,Corporate,Central,Pennsylvania,City16,Furniture,Furnishings,Furnishings Model 272,7,1257.6,0.0,8803.2,1415.03
CA-1267,2020-06-10,2020-06-11,CUST-1660,Customer 267,Consumer,East,Texas,City17,Office Supplies,Binders,Binders Model 109,7,105.9,0.1,667.17,104.85
CA-1268,2020-01-28,2020-01-30,CUST-1430,Customer 268,Corporate,West,New York,City18,Furniture,Tables,Tables Model 839,5,1185.34,0.0,5926.7,908.13
CA-1269,2019-03-27,2019-03-28,CUST-1968,Customer 269,Consumer,Central,California,City19,Technology,Copiers,Copiers Model 364,4,507.13,0.0,2028.52,418.21
CA-1270,2017-07-27,2017-07-30,CUST-1308,Customer 270,Consumer,West,Florida,City20,Furniture,Chairs,Chairs Model 537,1,583.12,0.0,583.12,106.24
CA-1271,2020-02-29,2020-03-01,CUST-1136,Customer 271,Consumer,Central,Illinois,City21,Office Supplies,Paper,Paper Model 859,7,7.96,0.0,55.72,17.49
CA-1272,2018-02-08,2018-02-13,CUST-1201,Customer 272,Consumer,South,Florida,City22,Technology,Copiers,Copiers Model 346,1,1924.91,0.0,1924.91,388.17
CA-1273,2017-06-01,2017-06-08,CUST-1435,Customer 273,Home Office,East,Illinois,City23,Technology,Phones,Phones Model 766,1,1352.34,0.0,1352.34,273.62
CA-1274,2017-02-23,2017-02-27,CUST-1312,Customer 274,Consumer,West,California,City24,Office Supplies,Storage,Storage Model 645,5,186.77,0.0,933.85,85.46
CA-1275,2020-02-18,2020-02-19,CUST-1116,Customer 275,Home Office,Central,California,City25,Technology,Phones,Phones Model 598,9,567.72,0.0,5109.48,1761.86
CA-1276,2018-09-20,2018-09-25,CUST-1665,Customer 276,Consumer,West,California,City26,Technology,Phones,Phones Model 228,6,1242.35,0.1,6708.69,838.53
CA-1277,2018-08-10,2018-08-15,CUST-1936,Customer 277,Corporate,West,Texas,City27,Office Supplies,Paper,Paper Model 771,3,136.34,0.0,409.02,29.45
CA-1278,2020-12-14,2020-12-21,CUST-1802,Customer 278,Consumer,East,Pennsylvania,City28,Office Supplies,Binders,Binders Model 700,3,64.87,0.0,194.61,48.45
CA-1279,2020-12-16,2020-12-19,CUST-1574,Customer 279,Corporate,South,Illinois,City29,Office Supplies,Paper,Paper Model 704,7,169.93,0.3,832.66,190.35
CA-1280,2017-04-14,2017-04-19,CUST-1243,Customer 280,Corporate,West,Pennsylvania,City30,Office Supplies,Paper,Paper Model 426,6,189.54,0.0,1137.24,198.5
CA-1281,2017-09-11,2017-09-16,CUST-1536,Customer 281,Consumer,Central,Texas,City31,Office Supplies,Paper,Paper Model 852,9,177.2,0.0,1594.8,281.73
CA-1282,2020-06-04,2020-06-09,CUST-1601,Customer 282,Consumer,Central,Texas,City32,Office Supplies,Storage,Storage Model 934,6,148.34,0.0,890.04,254.12
CA-1283,2020-02-10,2020-02-15,CUST-1074,Customer 283,Home Office,South,Ohio,City33,Office Supplies,Paper,Paper Model 503,5,56.94,0.0,284.7,30.95
CA-1284,2018-05-25,2018-05-27,CUST-1805,Customer 284,Home Office,Central,Florida,City34,Furniture,Tables,Tables Model 728,7,494.26,0.0,3459.82,1024.37
CA-1285,2017-04-09,2017-04-11,CUST-1385,Customer 285,Consumer,South,Florida,City35,Furniture,Bookcases,Bookcases Model 705,1,1448.7,0.0,1448.7,354.39
CA-1286,2017-06-02,2017-06-05,CUST-1902,Customer 286,Corporate,Central,New York,City36,Office Supplies,Paper,Paper Model 774,7,4.04,0.0,28.28,4.97
CA-1287,2019-07-03,2019-07-04,CUST-1209,Customer 287,Home Office,East,Washington,City37,Furniture,Chairs,Chairs Model 710,3,1102.47,0.0,3307.41,619.84
CA-1288,2019-05-28,2019-06-02,CUST-1474,Customer 288,Home Office,West,Texas,City38,Office Supplies,Storage,Storage Model 724,9,141.84,0.0,1276.56,162.12
CA-1289,2017-12-04,2017-12-11,CUST-1417,Customer 289,Home Office,East,Illinois,City39,Office Supplies,Paper,Paper Model 458,6,125.29,0.0,751.74,207.21
CA-1290,2019-04-02,2019-04-03,CUST-1346,Customer 290,Corporate,West,Ohio,City40,Technology,Copiers,Copiers Model 702,9,1980.71,0.0,17826.39,3634.13
CA-1291,2020-04-01,2020-04-08,CUST-1528,Customer 291,Consumer,West,Ohio,City41,Furniture,Tables,Tables Model 957,5,536.63,0.1,2414.84,353.19
CA-1292,2019-08-15,2019-08-16,CUST-1639,Customer 292,Consumer,West,Washington,City42,Office Supplies,Art,Art Model 817,7,69.31,0.0,485.17,111.01
CA-1293,2017-06-10,2017-06-13,CUST-1938,Customer 293,Consumer,East,Pennsylvania,City43,Office Supplies,Binders,Binders Model 116,4,17.63,0.0,70.52,24.59
CA-1294,2019-03-12,2019-03-17,CUST-1954,Customer 294,Corporate,West,Washington,City44,Office Supplies,Binders,Binders Model 373,7,89.67,0.0,627.69,113.35
CA-1295,2018-02-02,2018-02-07,CUST-1875,Customer 295,Corporate,East,Washington,City45,Furniture,Chairs,Chairs Model 784,1,465.47,0.0,465.47,151.84
CA-1296,2020-07-24,2020-07-28,CUST-1762,Customer 296,Consumer,South,Washington,City46,Technology,Machines,Machines Model 215,7,719.6,0.0,5037.2,773.24
CA-1297,2019-03-27,2019-04-03,CUST-1178,Customer 297,Home Office,Central,Florida,City47,Technology,Machines,Machines Model 960,8,1677.41,0.0,13419.28,891.31
CA-1298,2020-11-16,2020-11-17,CUST-1181,Customer 298,Corporate,Central,Texas,City48,Office Supplies,Binders,Binders Model 792,5,187.23,0.1,842.54,93.75
CA-1299,2020-03-04,2020-03-05,CUST-1663,Customer 299,Consumer,West,New York,City49,Office Supplies,Art,Art Model 190,2,38.78,0.1,69.8,12.26
CA-1300,2020-05-03,2020-05-05,CUST-1024,Customer 300,Consumer,East,Texas,City0,Technology,Machines,Machines Model 181,5,776.39,0.0,3881.95,449.88
CA-1301,2018-02-05,2018-02-09,CUST-1966,Customer 301,Consumer,Central,Pennsylvania,City1,Office Supplies,Art,Art Model 423,6,185.87,0.0,1115.22,55.84
CA-1302,2018-10-02,2018-10-04,CUST-1179,Customer 302,Consumer,East,California,City2,Office Supplies,Binders,Binders Model 213,2,14.24,0.0,28.48,9.24
CA-1303,2019-11-23,2019-11-25,CUST-1709,Customer 303,Consumer,East,Washington,City3,Technology,Accessories,Accessories Model 868,6,230.1,0.0,1380.6,418.55
CA-1304,2018-11-19,2018-11-21,CUST-1500,Customer 304,Consumer,West,Texas,City4,Office Supplies,Binders,Binders Model 157,6,34.23,0.0,205.38,56.0
CA-1305,2018-04-05,2018-04-12,CUST-1855,Customer 305,Consumer,Central,Pennsylvania,City5,Office Supplies,Art,Art Model 253,1,119.85,0.0,119.85,12.03
CA-1306,2019-08-13,2019-08-20,CUST-1160,Customer 306,Consumer,West,California,City6,Office Supplies,Binders,Binders Model 976,1,31.79,0.0,31.79,2.74
CA-1307,2018-04-15,2018-04-18,CUST-1176,Customer 307,Consumer,West,California,City7,Technology,Machines,Machines Model 503,3,1937.75,0.0,5813.25,408.56
CA-1308,2020-10-30,2020-11-02,CUST-1284,Customer 308,Consumer,Central,Washington,City8,Office Supplies,Paper,Paper Model 727,3,90.45,0.0,271.35,72.51
CA-1309,2019-11-12,2019-11-14,CUST-1062,Customer 309,Corporate,Central,New York,City9,Office Supplies,Art,Art Model 954,4,101.3,0.2,324.16,106.53
CA-1310,2019-01-20,2019-01-24,CUST-1661,Customer 310,Consumer,South,Illinois,City10,Office Supplies,Storage,Storage Model 365,2,50.84,0.0,101.68,18.22
CA-1311,2017-02-07,2017-02-08,CUST-1665,Customer 311,Home Office,South,Florida,City11,Office Supplies,Binders,Binders Model 414,9,95.25,0.0,857.25,73.5
CA-1312,2017-08-18,2017-08-25,CUST-1155,Customer 312,Home Office,East,Texas,City12,Office Supplies,Binders,Binders Model 814,7,133.06,0.0,931.42,189.75
CA-1313,2020-10-20,2020-10-24,CUST-1881,Customer 313,Consumer,Central,California,City13,Office Supplies,Storage,Storage Model 140,7,150.73,0.0,1055.11,163.17
CA-1314,2018-07-17,2018-07-22,CUST-1468,Customer 314,Consumer,South,Texas,City14,Office Supplies,Art,Art Model 204,6,151.27,0.0,907.62,147.44
CA-1315,2018-03-14,2018-03-21,CUST-1048,Customer 315,Consumer,East,Illinois,City15,Furniture,Bookcases,Bookcases Model 989,3,909.05,0.0,2727.15,644.7
CA-1316,2020-07-30,2020-08-06,CUST-1966,Customer 316,Consumer,East,Florida,City16,Technology,Copiers,Copiers Model 292,6,1813.5,0.0,10881.0,2890.16
CA-1317,2017-01-27,2017-01-30,CUST-1848,Customer 317,Corporate,East,Illinois,City17,Furniture,Tables,Tables Model 500,8,1244.37,0.0,9954.96,828.06
CA-1318,2017-08-14,2017-08-15,CUST-1083,Customer 318,Consumer,South,Florida,City18,Technology,Machines,Machines Model 377,8,1526.24,0.0,12209.92,740.86
CA-1319,2020-07-24,2020-07-25,CUST-1360,Customer 319,Consumer,Central,Ohio,City19,Furniture,Chairs,Chairs Model 453,9,177.85,0.0,1600.65,557.5
CA-1320,2019-03-09,2019-03-14,CUST-1688,Customer 320,Consumer,West,Florida,City20,Office Supplies,Art,Art Model 848,1,3.36,0.0,3.36,0.4
CA-1321,2017-10-11,2017-10-16,CUST-1147,Customer 321,Consumer,East,Washington,City21,Furniture,Tables,Tables Model 832,1,397.43,0.2,317.94,21.03
CA-1322,2019-05-29,2019-06-05,CUST-1629,Customer 322,Corporate,South,New York,City22,Technology,Copiers,Copiers Model 679,3,1343.87,0.0,4031.61,431.23
CA-1323,2019-08-18,2019-08-20,CUST-1341,Customer 323,Consumer,South,Illinois,City23,Office Supplies,Binders,Binders Model 808,3,83.42,0.0,250.26,15.44
CA-1324,2018-03-29,2018-04-01,CUST-1475,Customer 324,Consumer,West,California,City24,Furniture,Chairs,Chairs Model 355,8,663.37,0.0,5306.96,889.15
CA-1325,2019-10-17,2019-10-20,CUST-1062,Customer 325,Consumer,West,Washington,City25,Office Supplies,Binders,Binders Model 750,1,177.15,0.3,124.0,36.05
CA-1326,2019-03-27,2019-04-03,CUST-1700,Customer 326,Home Office,South,Ohio,City26,Furniture,Furnishings,Furnishings Model 923,2,1353.79,0.0,2707.58,412.56
CA-1327,2018-10-21,2018-10-25,CUST-1359,Customer 327,Consumer,Central,New York,City27,Furniture,Chairs,Chairs Model 760,2,1372.85,0.0,2745.7,503.16
CA-1328,2018-07-01,2018-07-03,CUST-1560,Customer 328,Consumer,West,Texas,City28,Technology,Copiers,Copiers Model 198,3,662.06,0.0,1986.18,501.86
CA-1329,2020-04-30,2020-05-07,CUST-1326,Customer 329,Corporate,South,Washington,City29,Office Supplies,Storage,Storage Model 687,6,138.83,0.0,832.98,168.82
CA-1330,2019-12-09,2019-12-11,CUST-1768,Customer 330,Consumer,West,Illinois,City30,Technology,Phones,Phones Model 381,1,579.68,0.0,579.68,178.79
CA-1331,2017-01-17,2017-01-19,CUST-1735,Customer 331,Home Office,Central,Pennsylvania,City31,Office Supplies,Art,Art Model 982,2,39.74,0.0,79.48,24.62
CA-1332,2020-04-10,2020-04-12,CUST-1140,Customer 332,Corporate,East,Pennsylvania,City32,Office Supplies,Paper,Paper Model 502,1,38.56,0.3,26.99,1.43
CA-1333,2020-05-28,2020-06-04,CUST-1989,Customer 333,Corporate,West,California,City33,Furniture,Tables,Tables Model 208,5,578.95,0.0,2894.75,820.41
CA-1334,2017-06-07,2017-06-10,CUST-1214,Customer 334,Corporate,Central,Florida,City34,Office Supplies,Paper,Paper Model 799,7,87.13,0.0,609.91,114.8
CA-1335,2018-04-22,2018-04-25,CUST-1434,Customer 335,Home Office,South,California,City35,Technology,Copiers,Copiers Model 298,8,1670.35,0.0,13362.8,4632.24
CA-1336,2019-12-06,2019-12-08,CUST-1890,Customer 336,Home Office,West,Pennsylvania,City36,Technology,Phones,Phones Model 402,1,283.79,0.0,283.79,55.33
CA-1337,2020-10-28,2020-11-01,CUST-1951,Customer 337,Corporate,West,Texas,City37,Office Supplies,Binders,Binders Model 426,7,147.52,0.1,929.38,321.63
CA-1338,2018-06-02,2018-06-03,CUST-1722,Customer 338,Corporate,South,Ohio,City38,Office Supplies,Paper,Paper Model 253,5,107.23,0.0,536.15,148.18
CA-1339,2017-04-09,2017-04-16,CUST-1317,Customer 339,Consumer,East,Ohio,City39,Office Supplies,Binders,Binders Model 651,1,59.01,0.0,59.01,7.35
CA-1340,2019-11-27,2019-11-28,CUST-1031,Customer 340,Consumer,South,Illinois,City40,Technology,Accessories,Accessories Model 744,3,1011.0,0.0,3033.0,641.54
CA-1341,2017-10-07,2017-10-11,CUST-1669,Customer 341,Consumer,West,Ohio,City41,Office Supplies,Art,Art Model 504,7,61.39,0.0,429.73,149.39
CA-1342,2020-10-04,2020-10-11,CUST-1284,Customer 342,Consumer,South,Illinois,City42,Office Supplies,Binders,Binders Model 561,1,120.02,0.0,120.02,36.88
CA-1343,2018-05-12,2018-05-14,CUST-1304,Customer 343,Consumer,Central,Washington,City43,Technology,Accessories,Accessories Model 231,7,896.0,0.0,6272.0,496.81
CA-1344,2017-10-29,2017-11-01,CUST-1428,Customer 344,Consumer,South,Illinois,City44,Furniture,Bookcases,Bookcases Model 890,5,330.17,0.1,1485.76,389.14
CA-1345,2017-06-30,2017-07-01,CUST-1476,Customer 345,Consumer,West,Washington,City45,Furniture,Tables,Tables Model 973,1,263.22,0.2,210.58,32.36
CA-1346,2018-08-30,2018-09-04,CUST-1285,Customer 346,Corporate,South,Illinois,City46,Office Supplies,Art,Art Model 183,1,110.25,0.0,110.25,5.74
CA-1347,2020-01-28,2020-02-02,CUST-1143,Customer 347,Home Office,East,Pennsylvania,City47,Technology,Accessories,Accessories Model 498,1,1809.71,0.2,1447.77,247.63
CA-1348,2018-12-01,2018-12-05,CUST-1423,Customer 348,Consumer,South,Pennsylvania,City48,Office Supplies,Art,Art Model 853,9,70.1,0.0,630.9,75.98
CA-1349,2019-09-20,2019-09-22,CUST-1018,Customer 349,Consumer,East,Florida,City49,Office Supplies,Paper,Paper Model 727,3,147.13,0.0,441.39,130.5
CA-1350,2020-02-14,2020-02-15,CUST-1017,Customer 350,Home Office,Central,Washington,City0,Office Supplies,Binders,Binders Model 208,5,132.41,0.0,662.05,100.1
CA-1351,2017-07-10,2017-07-12,CUST-1768,Customer 351,Consumer,East,New York,City1,Office Supplies,Paper,Paper Model 320,9,186.45,0.0,1678.05,500.49
CA-1352,2017-09-10,2017-09-11,CUST-1589,Customer 352,Corporate,South,Washington,City2,Office Supplies,Art,Art Model 652,6,164.55,0.0,987.3,49.54
CA-1353,2019-09-08,2019-09-12,CUST-1370,Customer 353,Consumer,West,Illinois,City3,Office Supplies,Paper,Paper Model 467,9,114.19,0.0,1027.71,146.29
CA-1354,2019-07-17,2019-07-21,CUST-1174,Customer 354,Consumer,East,Illinois,City4,Office Supplies,Art,Art Model 246,8,132.09,0.0,1056.72,129.29
CA-1355,2020-03-30,2020-04-04,CUST-1193,Customer 355,Home Office,Central,New York,City5,Office Supplies,Paper,Paper Model 211,8,179.88,0.0,1439.04,172.79
CA-1356,2020-07-03,2020-07-05,CUST-1501,Customer 356,Consumer,East,California,City6,Office Supplies,Art,Art Model 714,1,81.1,0.0,81.1,5.71
CA-1357,2020-09-08,2020-09-15,CUST-1987,Customer 357,Corporate,East,Illinois,City7,Office Supplies,Storage,Storage Model 657,9,66.71,0.0,600.39,63.72
CA-1358,2017-05-08,2017-05-13,CUST-1112,Customer 358,Corporate,East,Florida,City8,Technology,Phones,Phones Model 593,6,71.08,0.0,426.48,92.4
CA-1359,2017-01-18,2017-01-20,CUST-1113,Customer 359,Consumer,Central,Ohio,City9,Furniture,Bookcases,Bookcases Model 604,9,1257.17,0.0,11314.53,1554.71
CA-1360,2018-07-20,2018-07-25,CUST-1221,Customer 360,Corporate,South,Ohio,City10,Technology,Copiers,Copiers Model 574,3,1611.91,0.0,4835.73,847.31
CA-1361,2018-07-24,2018-07-31,CUST-1677,Customer 361,Home Office,East,Texas,City11,Technology,Copiers,Copiers Model 935,3,253.69,0.0,761.07,124.1
CA-1362,2020-09-08,2020-09-11,CUST-1946,Customer 362,Consumer,East,Texas,City12,Office Supplies,Paper,Paper Model 989,6,116.22,0.1,627.59,196.29
CA-1363,2018-11-17,2018-11-20,CUST-1830,Customer 363,Home Office,West,Ohio,City13,Office Supplies,Storage,Storage Model 370,9,93.87,0.0,844.83,271.69
CA-1364,2018-09-18,2018-09-21,CUST-1643,Customer 364,Consumer,Central,Ohio,City14,Office Supplies,Binders,Binders Model 520,7,25.5,0.0,178.5,35.32
CA-1365,2020-08-04,2020-08-07,CUST-1896,Customer 365,Corporate,East,Pennsylvania,City15,Office Supplies,Art,Art Model 996,3,196.15,0.1,529.6,78.94
CA-1366,2019-05-04,2019-05-05,CUST-1263,Customer 366,Corporate,Central,Florida,City16,Office Supplies,Art,Art Model 806,3,44.51,0.0,133.53,10.95
CA-1367,2019-08-20,2019-08-23,CUST-1924,Customer 367,Consumer,East,New York,City17,Furniture,Furnishings,Furnishings Model 466,2,194.13,0.0,388.26,130.46
CA-1368,2017-06-04,2017-06-11,CUST-1054,Customer 368,Home Office,South,Texas,City18,Office Supplies,Binders,Binders Model 379,9,119.78,0.0,1078.02,73.38
CA-1369,2018-05-05,2018-05-09,CUST-1870,Customer 369,Home Office,South,Pennsylvania,City19,Technology,Copiers,Copiers Model 382,3,1490.79,0.2,3577.9,498.38
CA-1370,2020-11-10,2020-11-14,CUST-1642,Customer 370,Corporate,East,Pennsylvania,City20,Office Supplies,Storage,Storage Model 139,5,8.42,0.0,42.1,5.87
CA-1371,2019-02-24,2019-02-25,CUST-1799,Customer 371,Corporate,South,New York,City21,Technology,Phones,Phones Model 288,9,1334.5,0.0,12010.5,1754.98
CA-1372,2020-02-02,2020-02-05,CUST-1777,Customer 372,Corporate,East,Pennsylvania,City22,Office Supplies,Storage,Storage Model 263,8,107.39,0.0,859.12,85.3
CA-1373,2020-11-17,2020-11-20,CUST-1457,Customer 373,Consumer,South,Washington,City23,Technology,Phones,Phones Model 635,2,251.37,0.0,502.74,143.25
CA-1374,2017-09-03,2017-09-06,CUST-1978,Customer 374,Corporate,West,Florida,City24,Office Supplies,Binders,Binders Model 635,3,36.16,0.0,108.48,9.41
CA-1375,2020-04-14,2020-04-19,CUST-1877,Customer 375,Consumer,West,Ohio,City25,Furniture,Furnishings,Furnishings Model 103,2,895.16,0.0,1790.32,430.52
CA-1376,2019-11-29,2019-12-01,CUST-1161,Customer 376,Consumer,West,Illinois,City26,Office Supplies,Art,Art Model 934,8,60.68,0.0,485.44,42.31
CA-1377,2019-01-29,2019-02-03,CUST-1379,Customer 377,Corporate,Central,New York,City27,Furniture,Furnishings,Furnishings Model 389,6,1413.64,0.2,6785.47,482.86
CA-1378,2018-06-22,2018-06-24,CUST-1992,Customer 378,Consumer,Central,Ohio,City28,Office Supplies,Storage,Storage Model 532,6,164.11,0.0,984.66,317.88
CA-1379,2019-07-10,2019-07-13,CUST-1086,Customer 379,Consumer,West,Ohio,City29,Technology,Phones,Phones Model 570,9,1967.96,0.0,17711.64,1895.83
CA-1380,2018-02-12,2018-02-15,CUST-1054,Customer 380,Consumer,Central,California,City30,Furniture,Bookcases,Bookcases Model 280,8,463.54,0.1,3337.49,989.15
CA-1381,2018-06-09,2018-06-14,CUST-1475,Customer 381,Consumer,South,Washington,City31,Office Supplies,Binders,Binders Model 347,4,194.01,0.0,776.04,165.6
CA-1382,2019-04-08,2019-04-13,CUST-1799,Customer 382,Corporate,East,New York,City32,Office Supplies,Storage,Storage Model 727,4,87.38,0.0,349.52,25.64
CA-1383,2019-06-22,2019-06-24,CUST-1177,Customer 383,Consumer,East,Pennsylvania,City33,Technology,Accessories,Accessories Model 378,9,727.66,0.0,6548.94,2204.6
CA-1384,2017-02-05,2017-02-09,CUST-1390,Customer 384,Corporate,East,Illinois,City34,Office Supplies,Paper,Paper Model 976,1,11.97,0.1,10.77,1.34
CA-1385,2018-11-16,2018-11-18,CUST-1348,Customer 385,Consumer,West,New York,City35,Office Supplies,Paper,Paper Model 680,2,12.45,0.0,24.9,7.67
CA-1386,2017-01-20,2017-01-25,CUST-1007,Customer 386,Corporate,Central,Pennsylvania,City36,Office Supplies,Art,Art Model 962,2,139.02,0.0,278.04,27.98
CA-1387,2017-11-17,2017-11-24,CUST-1832,Customer 387,Consumer,South,Ohio,City37,Office Supplies,Storage,Storage Model 353,6,92.67,0.2,444.82,136.2
CA-1388,2018-05-27,2018-06-01,CUST-1312,Customer 388,Consumer,South,Illinois,City38,Office Supplies,Paper,Paper Model 280,4,46.85,0.0,187.4,10.11
CA-1389,2018-02-04,2018-02-11,CUST-1758,Customer 389,Corporate,West,Pennsylvania,City39,Technology,Machines,Machines Model 929,3,1247.24,0.1,3367.55,685.41
CA-1390,2018-10-16,2018-10-17,CUST-1834,Customer 390,Home Office,South,Florida,City40,Office Supplies,Storage,Storage Model 780,3,52.07,0.3,109.35,30.71
CA-1391,2019-08-30,2019-09-04,CUST-1983,Customer 391,Consumer,South,Pennsylvania,City41,Technology,Accessories,Accessories Model 924,3,1176.38,0.0,3529.14,1166.16
CA-1392,2018-04-16,2018-04-17,CUST-1982,Customer 392,Consumer,South,California,City42,Furniture,Tables,Tables Model 608,6,602.89,0.0,3617.34,1167.53
CA-1393,2020-03-12,2020-03-16,CUST-1442,Customer 393,Consumer,South,Washington,City43,Office Supplies,Storage,Storage Model 860,8,165.06,0.0,1320.48,390.71
CA-1394,2020-01-21,2020-01-23,CUST-1766,Customer 394,Consumer,Central,Ohio,City44,Technology,Phones,Phones Model 799,7,1650.36,0.0,11552.52,3655.88
CA-1395,2020-10-09,2020-10-16,CUST-1327,Customer 395,Corporate,South,Pennsylvania,City45,Furniture,Bookcases,Bookcases Model 665,4,768.29,0.0,3073.16,337.33
CA-1396,2019-04-14,2019-04-16,CUST-1053,Customer 396,Consumer,East,Washington,City46,Technology,Copiers,Copiers Model 425,4,734.1,0.0,2936.4,397.16
CA-1397,2018-12-28,2018-12-29,CUST-1760,Customer 397,Consumer,West,Texas,City47,Office Supplies,Paper,Paper Model 456,2,73.79,0.2,118.06,16.14
CA-1398,2019-05-04,2019-05-11,CUST-1238,Customer 398,Consumer,Central,Texas,City48,Office Supplies,Paper,Paper Model 924,1,161.53,0.0,161.53,26.35
CA-1399,2017-02-20,2017-02-22,CUST-1228,Customer 399,Consumer,South,Washington,City49,Technology,Phones,Phones Model 749,9,689.95,0.0,6209.55,1043.18
CA-1400,2018-07-29,2018-08-03,CUST-1578,Customer 400,Consumer,Central,Washington,City0,Office Supplies,Art,Art Model 779,2,43.39,0.1,78.1,16.66
CA-1401,2020-04-28,2020-05-01,CUST-1050,Customer 401,Consumer,South,California,City1,Furniture,Furnishings,Furnishings Model 490,8,218.56,0.2,1398.78,137.03
CA-1402,2020-02-23,2020-02-24,CUST-1608,Customer 402,Consumer,East,Florida,City2,Office Supplies,Storage,Storage Model 714,9,94.41,0.0,849.69,218.69
CA-1403,2017-05-30,2017-06-01,CUST-1603,Customer 403,Consumer,West,Ohio,City3,Office Supplies,Paper,Paper Model 184,4,97.46,0.3,272.89,27.36
CA-1404,2017-11-10,2017-11-11,CUST-1263,Customer 404,Corporate,South,New York,City4,Technology,Machines,Machines Model 416,8,1689.77,0.0,13518.16,1934.35
CA-1405,2018-07-24,2018-07-25,CUST-1417,Customer 405,Consumer,South,California,City5,Office Supplies,Storage,Storage Model 311,9,45.81,0.1,371.06,74.58
CA-1406,2020-09-27,2020-10-04,CUST-1802,Customer 406,Home Office,South,Florida,City6,Office Supplies,Paper,Paper Model 614,5,77.44,0.0,387.2,111.87
CA-1407,2017-11-01,2017-11-08,CUST-1095,Customer 407,Consumer,South,Washington,City7,Office Supplies,Binders,Binders Model 483,7,162.06,0.0,1134.42,308.38
CA-1408,2018-11-13,2018-11-16,CUST-1087,Customer 408,Corporate,West,New York,City8,Office Supplies,Paper,Paper Model 790,4,165.08,0.0,660.32,160.89
CA-1409,2019-04-18,2019-04-23,CUST-1077,Customer 409,Corporate,West,Washington,City9,Office Supplies,Paper,Paper Model 441,1,78.15,0.0,78.15,7.56
CA-1410,2019-12-14,2019-12-15,CUST-1287,Customer 410,Corporate,East,Washington,City10,Office Supplies,Art,Art Model 914,3,92.91,0.0,278.73,59.68
CA-1411,2019-09-30,2019-10-02,CUST-1119,Customer 411,Corporate,West,Texas,City11,Technology,Copiers,Copiers Model 943,5,641.41,0.0,3207.05,244.49
CA-1412,2018-03-20,2018-03-24,CUST-1813,Customer 412,Consumer,South,Texas,City12,Office Supplies,Storage,Storage Model 137,3,186.65,0.0,559.95,91.39
CA-1413,2018-09-05,2018-09-06,CUST-1490,Customer 413,Consumer,East,New York,City13,Office Supplies,Art,Art Model 610,7,25.49,0.2,142.74,24.84
CA-1414,2019-09-20,2019-09-21,CUST-1911,Customer 414,Consumer,East,California,City14,Furniture,Bookcases,Bookcases Model 519,9,1407.25,0.0,12665.25,784.53
CA-1415,2017-09-21,2017-09-24,CUST-1451,Customer 415,Consumer,East,Texas,City15,Furniture,Chairs,Chairs Model 850,6,1057.41,0.0,6344.46,838.71
CA-1416,2019-12-13,2019-12-18,CUST-1499,Customer 416,Consumer,South,Ohio,City16,Furniture,Bookcases,Bookcases Model 268,1,844.2,0.0,844.2,284.24
CA-1417,2019-10-01,2019-10-05,CUST-1164,Customer 417,Consumer,Central,Washington,City17,Furniture,Bookcases,Bookcases Model 442,7,145.72,0.0,1020.04,342.83
CA-1418,2017-01-05,2017-01-12,CUST-1181,Customer 418,Corporate,South,Illinois,City18,Office Supplies,Binders,Binders Model 925,3,96.17,0.1,259.66,40.43
CA-1419,2020-02-01,2020-02-08,CUST-1468,Customer 419,Consumer,West,Pennsylvania,City19,Office Supplies,Art,Art Model 405,5,82.73,0.1,372.28,23.43
CA-1420,2020-05-04,2020-05-06,CUST-1909,Customer 420,Corporate,West,New York,City20,Office Supplies,Storage,Storage Model 641,4,33.92,0.0,135.68,14.07
CA-1421,2019-02-13,2019-02-17,CUST-1734,Customer 421,Corporate,South,New York,City21,Technology,Machines,Machines Model 801,5,1330.0,0.0,6650.0,1114.97
CA-1422,2019-05-27,2019-06-03,CUST-1822,Customer 422,Home Office,South,Texas,City22,Technology,Machines,Machines Model 968,5,1943.74,0.0,9718.7,3249.29
CA-1423,2019-09-19,2019-09-21,CUST-1943,Customer 423,Consumer,East,California,City23,Technology,Phones,Phones Model 636,6,1146.27,0.0,6877.62,635.22
CA-1424,2019-06-03,2019-06-08,CUST-1977,Customer 424,Consumer,South,Washington,City24,Office Supplies,Storage,Storage Model 211,6,143.52,0.1,775.01,216.27
CA-1425,2020-10-05,2020-10-07,CUST-1006,Customer 425,Consumer,East,Ohio,City25,Office Supplies,Storage,Storage Model 510,8,15.55,0.0,124.4,10.28
CA-1426,2017-02-16,2017-02-23,CUST-1329,Customer 426,Consumer,West,California,City26,Office Supplies,Art,Art Model 305,8,84.7,0.0,677.6,233.35
CA-1427,2019-05-17,2019-05-20,CUST-1774,Customer 427,Corporate,East,Florida,City27,Furniture,Chairs,Chairs Model 284,9,262.9,0.0,2366.1,389.19
CA-1428,2019-04-03,2019-04-06,CUST-1672,Customer 428,Consumer,South,Florida,City28,Office Supplies,Art,Art Model 481,8,123.33,0.0,986.64,278.8
CA-1429,2019-07-25,2019-07-28,CUST-1150,Customer 429,Corporate,West,Illinois,City29,Technology,Accessories,Accessories Model 595,2,1880.04,0.2,3008.06,459.56
CA-1430,2018-10-18,2018-10-25,CUST-1084,Customer 430,Consumer,Central,Texas,City30,Technology,Copiers,Copiers Model 478,1,1340.47,0.0,1340.47,319.43
CA-1431,2017-09-26,2017-09-29,CUST-1146,Customer 431,Corporate,East,Texas,City31,Office Supplies,Art,Art Model 146,2,17.21,0.0,34.42,3.7
CA-1432,2018-01-05,2018-01-09,CUST-1623,Customer 432,Corporate,West,Texas,City32,Office Supplies,Paper,Paper Model 985,2,72.22,0.0,144.44,13.55
CA-1433,2018-09-28,2018-10-03,CUST-1380,Customer 433,Consumer,East,Illinois,City33,Technology,Machines,Machines Model 839,3,1123.79,0.0,3371.37,1117.34
CA-1434,2020-02-04,2020-02-06,CUST-1914,Customer 434,Consumer,West,Florida,City34,Furniture,Tables,Tables Model 650,7,664.49,0.0,4651.43,1513.08
CA-1435,2018-10-19,2018-10-21,CUST-1547,Customer 435,Consumer,West,California,City35,Office Supplies,Paper,Paper Model 627,2,167.06,0.0,334.12,105.66
CA-1436,2017-04-30,2017-05-07,CUST-1284,Customer 436,Consumer,East,Illinois,City36,Technology,Phones,Phones Model 603,1,1638.61,0.0,1638.61,389.38
CA-1437,2019-04-11,2019-04-14,CUST-1699,Customer 437,Consumer,Central,Illinois,City37,Office Supplies,Binders,Binders Model 121,6,123.14,0.0,738.84,216.1
CA-1438,2019-12-18,2019-12-21,CUST-1081,Customer 438,Consumer,West,California,City38,Furniture,Bookcases,Bookcases Model 312,9,622.84,0.0,5605.56,396.38
CA-1439,2020-10-01,2020-10-02,CUST-1513,Customer 439,Consumer,West,Texas,City39,Office Supplies,Paper,Paper Model 409,3,52.56,0.0,157.68,23.72
CA-1440,2019-01-11,2019-01-16,CUST-1896,Customer 440,Consumer,West,Ohio,City40,Technology,Machines,Machines Model 760,6,256.45,0.0,1538.7,221.74
CA-1441,2017-04-27,2017-05-01,CUST-1814,Customer 441,Consumer,Central,California,City41,Office Supplies,Storage,Storage Model 852,3,72.27,0.0,216.81,52.18
CA-1442,2019-03-02,2019-03-04,CUST-1708,Customer 442,Corporate,Central,Florida,City42,Office Supplies,Binders,Binders Model 371,1,83.81,0.0,83.81,13.14
CA-1443,2020-02-25,2020-02-26,CUST-1915,Customer 443,Consumer,South,New York,City43,Office Supplies,Art,Art Model 670,5,135.81,0.0,679.05,64.21
CA-1444,2020-11-17,2020-11-18,CUST-1522,Customer 444,Corporate,East,Washington,City44,Office Supplies,Paper,Paper Model 898,4,132.32,0.0,529.28,121.17
CA-1445,2019-10-10,2019-10-17,CUST-1745,Customer 445,Consumer,Central,New York,City45,Office Supplies,Paper,Paper Model 301,7,15.88,0.0,111.16,32.72
CA-1446,2019-12-18,2019-12-20,CUST-1385,Customer 446,Consumer,East,Pennsylvania,City46,Technology,Accessories,Accessories Model 131,6,820.76,0.0,4924.56,810.77
CA-1447,2018-09-26,2018-10-03,CUST-1706,Customer 447,Home Office,South,Pennsylvania,City47,Furniture,Tables,Tables Model 542,7,354.49,0.0,2481.43,222.54
CA-1448,2018-05-28,2018-06-01,CUST-1470,Customer 448,Consumer,East,Illinois,City48,Technology,Accessories,Accessories Model 261,5,355.78,0.0,1778.9,193.91
CA-1449,2019-03-13,2019-03-14,CUST-1118,Customer 449,Consumer,Central,Washington,City49,Furniture,Furnishings,Furnishings Model 866,4,1258.22,0.0,5032.88,610.21
CA-1450,2020-01-25,2020-01-26,CUST-1395,Customer 450,Consumer,East,New York,City0,Office Supplies,Binders,Binders Model 353,7,10.3,0.0,72.1,10.09
CA-1451,2020-02-16,2020-02-21,CUST-1531,Customer 451,Consumer,Central,Ohio,City1,Furniture,Bookcases,Bookcases Model 620,7,686.86,0.0,4808.02,1167.57
CA-1452,2018-07-14,2018-07-18,CUST-1260,Customer 452,Consumer,East,Texas,City2,Office Supplies,Art,Art Model 750,6,35.3,0.0,211.8,48.77
CA-1453,2018-05-03,2018-05-04,CUST-1804,Customer 453,Consumer,Central,Florida,City3,Office Supplies,Paper,Paper Model 579,8,176.11,0.1,1267.99,328.19
CA-1454,2020-06-14,2020-06-18,CUST-1933,Customer 454,Home Office,Central,Pennsylvania,City4,Office Supplies,Storage,Storage Model 109,4,112.29,0.0,449.16,71.3
CA-1455,2019-06-16,2019-06-18,CUST-1255,Customer 455,Consumer,East,Ohio,City5,Furniture,Bookcases,Bookcases Model 825,5,423.93,0.0,2119.65,629.96
CA-1456,2020-07-19,2020-07-22,CUST-1733,Customer 456,Consumer,South,Florida,City6,Office Supplies,Paper,Paper Model 604,4,101.48,0.0,405.92,45.15
CA-1457,2020-04-27,2020-04-28,CUST-1904,Customer 457,Consumer,West,Florida,City7,Furniture,Chairs,Chairs Model 884,1,1124.08,0.0,1124.08,214.38
CA-1458,2018-12-05,2018-12-10,CUST-1225,Customer 458,Corporate,South,Texas,City8,Technology,Phones,Phones Model 935,8,1918.33,0.0,15346.64,4454.85
CA-1459,2018-08-04,2018-08-06,CUST-1052,Customer 459,Consumer,East,Washington,City9,Technology,Machines,Machines Model 659,1,479.87,0.0,479.87,49.93
CA-1460,2019-03-01,2019-03-05,CUST-1939,Customer 460,Consumer,South,Illinois,City10,Office Supplies,Art,Art Model 535,5,177.46,0.1,798.57,66.25
CA-1461,2019-05-11,2019-05-18,CUST-1866,Customer 461,Consumer,Central,New York,City11,Office Supplies,Storage,Storage Model 210,6,186.99,0.0,1121.94,353.53
CA-1462,2017-09-04,2017-09-06,CUST-1499,Customer 462,Home Office,West,Texas,City12,Office Supplies,Art,Art Model 252,6,183.45,0.2,880.56,134.62
CA-1463,2020-01-05,2020-01-06,CUST-1505,Customer 463,Consumer,East,Ohio,City13,Furniture,Chairs,Chairs Model 734,5,989.58,0.0,4947.9,1262.51
CA-1464,2017-06-03,2017-06-07,CUST-1853,Customer 464,Consumer,East,Illinois,City14,Office Supplies,Storage,Storage Model 968,3,126.7,0.0,380.1,21.9
CA-1465,2020-12-29,2021-01-01,CUST-1363,Customer 465,Consumer,East,Ohio,City15,Technology,Machines,Machines Model 201,5,836.26,0.0,4181.3,1074.65
CA-1466,2019-09-24,2019-09-26,CUST-1279,Customer 466,Corporate,West,Illinois,City16,Office Supplies,Binders,Binders Model 852,8,150.97,0.0,1207.76,174.92
CA-1467,2020-01-15,2020-01-16,CUST-1592,Customer 467,Consumer,Central,Washington,City17,Furniture,Furnishings,Furnishings Model 932,2,843.81,0.0,1687.62,112.6
CA-1468,2018-11-28,2018-12-03,CUST-1713,Customer 468,Consumer,East,Pennsylvania,City18,Technology,Machines,Machines Model 290,6,1371.0,0.0,8226.0,1916.2
CA-1469,2020-08-01,2020-08-08,CUST-1157,Customer 469,Corporate,South,Ohio,City19,Office Supplies,Paper,Paper Model 828,9,86.83,0.0,781.47,95.53
CA-1470,2020-05-28,2020-06-01,CUST-1631,Customer 470,Corporate,East,Texas,City20,Technology,Machines,Machines Model 662,8,1476.42,0.2,9449.09,1568.95
CA-1471,2019-12-29,2019-12-31,CUST-1058,Customer 471,Consumer,East,Illinois,City21,Office Supplies,Art,Art Model 903,8,165.25,0.1,1189.8,88.25
CA-1472,2019-12-07,2019-12-09,CUST-1726,Customer 472,Home Office,East,Illinois,City22,Office Supplies,Binders,Binders Model 180,8,30.99,0.0,247.92,23.34
CA-1473,2019-10-06,2019-10-09,CUST-1127,Customer 473,Consumer,East,Florida,City23,Furniture,Chairs,Chairs Model 588,7,1266.1,0.0,8862.7,1235.4
CA-1474,2017-04-04,2017-04-07,CUST-1735,Customer 474,Consumer,Central,Florida,City24,Furniture,Bookcases,Bookcases Model 994,8,856.42,0.0,6851.36,527.06
CA-1475,2019-08-16,2019-08-21,CUST-1720,Customer 475,Consumer,South,California,City25,Technology,Machines,Machines Model 187,6,1697.1,0.0,10182.6,3291.5
CA-1476,2019-10-09,2019-10-16,CUST-1881,Customer 476,Home Office,Central,Ohio,City26,Office Supplies,Paper,Paper Model 293,2,87.4,0.0,174.8,9.06
CA-1477,2018-03-29,2018-04-03,CUST-1114,Customer 477,Consumer,South,Florida,City27,Technology,Machines,Machines Model 203,2,789.13,0.0,1578.26,308.01
CA-1478,2020-05-12,2020-05-13,CUST-1208,Customer 478,Consumer,East,California,City28,Office Supplies,Storage,Storage Model 882,8,183.18,0.0,1465.44,127.46
CA-1479,2019-07-01,2019-07-02,CUST-1525,Customer 479,Consumer,West,Pennsylvania,City29,Furniture,Tables,Tables Model 195,1,451.64,0.0,451.64,64.27
CA-1480,2017-08-06,2017-08-11,CUST-1520,Customer 480,Corporate,Central,Pennsylvania,City30,Furniture,Bookcases,Bookcases Model 522,6,1281.9,0.3,5383.98,1764.96
CA-1481,2018-04-19,2018-04-26,CUST-1551,Customer 481,Consumer,West,Florida,City31,Office Supplies,Paper,Paper Model 990,6,97.84,0.0,587.04,57.83
CA-1482,2018-03-08,2018-03-13,CUST-1961,Customer 482,Consumer,Central,Ohio,City32,Technology,Phones,Phones Model 297,4,1052.49,0.2,3367.97,1144.27
CA-1483,2017-12-07,2017-12-14,CUST-1236,Customer 483,Consumer,East,Illinois,City33,Office Supplies,Binders,Binders Model 100,3,63.08,0.0,189.24,21.15
CA-1484,2018-07-05,2018-07-12,CUST-1280,Customer 484,Consumer,Central,New York,City34,Office Supplies,Binders,Binders Model 506,3,115.46,0.0,346.38,94.38
CA-1485,2020-08-05,2020-08-09,CUST-1358,Customer 485,Consumer,East,Washington,City35,Office Supplies,Binders,Binders Model 477,1,66.39,0.0,66.39,14.21
CA-1486,2020-07-01,2020-07-08,CUST-1200,Customer 486,Corporate,Central,Ohio,City36,Furniture,Bookcases,Bookcases Model 266,3,154.98,0.0,464.94,146.62
CA-1487,2017-12-23,2017-12-26,CUST-1757,Customer 487,Consumer,East,Washington,City37,Office Supplies,Art,Art Model 608,4,55.86,0.0,223.44,48.31
CA-1488,2017-01-23,2017-01-30,CUST-1277,Customer 488,Consumer,East,Texas,City38,Furniture,Tables,Tables Model 737,5,108.93,0.0,544.65,114.58
CA-1489,2018-06-06,2018-06-13,CUST-1234,Customer 489,Corporate,South,Pennsylvania,City39,Technology,Phones,Phones Model 412,3,1957.79,0.0,5873.37,638.07
CA-1490,2020-01-29,2020-02-05,CUST-1493,Customer 490,Consumer,East,Florida,City40,Office Supplies,Binders,Binders Model 692,6,193.22,0.0,1159.32,115.78
CA-1491,2019-03-13,2019-03-14,CUST-1003,Customer 491,Consumer,South,Florida,City41,Office Supplies,Binders,Binders Model 517,5,80.24,0.0,401.2,130.37
CA-1492,2020-04-18,2020-04-21,CUST-1665,Customer 492,Home Office,East,Washington,City42,Office Supplies,Paper,Paper Model 862,3,146.22,0.0,438.66,65.08
CA-1493,2020-05-31,2020-06-03,CUST-1441,Customer 493,Consumer,West,Illinois,City43,Office Supplies,Paper,Paper Model 780,6,70.47,0.0,422.82,68.34
CA-1494,2019-02-01,2019-02-06,CUST-1028,Customer 494,Consumer,East,Washington,City44,Technology,Accessories,Accessories Model 576,6,1358.63,0.0,8151.78,2265.76
CA-1495,2018-03-18,2018-03-22,CUST-1108,Customer 495,Consumer,West,Texas,City45,Office Supplies,Art,Art Model 172,8,161.48,0.0,1291.84,195.9
CA-1496,2019-02-08,2019-02-15,CUST-1609,Customer 496,Consumer,West,Illinois,City46,Furniture,Chairs,Chairs Model 240,2,1425.46,0.0,2850.92,956.82
CA-1497,2019-10-13,2019-10-15,CUST-1726,Customer 497,Consumer,East,Texas,City47,Office Supplies,Binders,Binders Model 681,1,81.24,0.2,64.99,17.64
CA-1498,2020-09-10,2020-09-14,CUST-1804,Customer 498,Consumer,West,New York,City48,Furniture,Bookcases,Bookcases Model 361,4,1196.62,0.0,4786.48,1097.2
CA-1499,2018-05-31,2018-06-04,CUST-1074,Customer 499,Consumer,South,Pennsylvania,City49,Furniture,Furnishings,Furnishings Model 439,7,472.3,0.0,3306.1,1039.0
